id,quoteDetailId,createdAt,updatedAt,deletedAt,underlyingPolicyLimit,attachmentPoint
da7c99ae-4e8d-4c25-b54c-e66968ca8a35,daa541e2-772b-44e0-a1f2-0b1aa91a58f7,2022-02-28T18:32:49.802,2022-02-28T19:40:03.139,,5000000,6000000
bdd67251-45a1-4c07-9215-09d75f50a356,8aea89cb-98ee-49b0-a09a-980df405c8e9,2022-02-28T23:16:38.596,2022-02-28T23:16:38.603,,5000000,6000000
81b72b01-96ac-4f13-888b-2b88e8aa765b,717b71ce-d33c-42a5-8ca5-96af1d20b787,2022-03-01T00:18:56.918,2022-03-01T00:19:11,,5000000,6000000
1b850a3a-212e-4010-814c-53eb03e41b1f,e43a8b29-badb-4a78-9641-68d4271081b2,2022-03-01T00:29:24.614,2022-03-01T01:32:40.223,,5000000,6000000
3b7c7e1d-a550-419a-8b38-cc2c85528538,a41478d1-57eb-43a2-9cb7-056bf80f01b7,2022-03-01T18:06:25.405,2022-03-01T18:06:25.405,,,
1d1468db-4088-4d8e-816d-85390be2c1be,bcd7f0be-6f8a-4aaf-99fb-0af8fca5ff6b,2022-03-01T19:25:02.939,2022-03-01T19:25:02.939,,,
ab91488a-4eef-4e2d-a3f6-fc184c2a2094,675f20a7-ce1a-455a-b055-01a0ad19a39a,2022-03-01T21:25:10.489,2022-03-01T21:25:10.49,,,
0d99871e-fb7b-46ef-9772-ee0f8ed963cc,4b9a672e-e79e-4951-a693-e74cd4deffc0,2022-03-01T22:25:59.442,2022-03-01T22:25:59.443,,,
b761b47d-4d9a-4e96-9610-040e05c2709d,0fbe3d33-059d-4665-b62c-27c11775b749,2022-03-08T22:38:20.526,2022-03-08T22:39:49.251,,1.00E+07,1.50E+07
3138786f-eeb0-4f23-aff8-91d0d8c28105,b1d11fe9-8bd9-418c-aae6-5a9791b8c784,2022-03-02T17:00:17.601,2022-03-08T22:58:54.246,,2000000,2000000
f067863d-5b32-4ca7-a035-6567aa60a577,62d58f28-40ce-4f5a-acfb-29fc4f606c4d,2022-03-09T00:39:59.24,2022-03-09T00:39:59.253,,1.00E+07,1.20E+07
b923242c-2be7-41ec-82ab-42e5b8d83bc2,d4fc5d9f-2513-4841-b351-7560035f7b31,2022-03-09T01:24:18.624,2022-03-09T01:24:18.64,,1.00E+07,1.20E+07
977085d8-0790-4d3d-bfb3-070def12fbe7,c6a32fa3-469b-4ae9-ae21-b0298a893aaf,2022-03-14T22:47:07.393,2022-03-14T22:47:07.426,,2000000,2000000
71aafa30-0ecf-43dd-8e01-6586ed1a3dbe,dea4efbc-7812-46e0-b1a6-b752427ce78f,2022-03-09T02:01:02.018,2022-03-09T02:01:02.044,,1.00E+07,1.20E+07
b8df1161-8b83-4469-b65c-f50ee405d86a,66202564-6bea-432c-ae8d-4492c5216ef8,2022-03-02T02:25:36.967,2022-03-02T04:12:24.071,,1.00E+07,1.60E+07
7adb537e-4307-4b98-acbc-42329697d9f9,344fd2dc-f296-4fe6-b2ae-127df5929184,2022-03-02T04:15:35.108,2022-03-02T04:15:35.115,,1.00E+07,1.60E+07
a6f5c785-33c5-4a49-9a8e-93f3b18efd4b,6434e792-8a1b-448a-999e-1793ff34f004,2022-03-02T04:19:56.111,2022-03-02T04:19:56.12,,1.00E+07,1.60E+07
c0c7625e-2722-44d4-9be0-ef6b359f2d69,f5bbaea3-48b9-4aa1-a5c6-e78eec9b8ee1,2022-03-02T04:21:30.33,2022-03-02T04:21:30.34,,1.00E+07,1.60E+07
cf5b1b57-5290-43b1-bb1a-fd99f7066030,34002c42-c026-4e38-bfbf-c406afa0d4b8,2022-02-28T21:56:01.697,2022-03-02T04:34:39.488,,2000000,5000000
92d22aa3-9e97-4ea3-9820-9a7c1209cb2f,3163da21-3cf4-4f0a-a115-0967b7e10f4c,2022-03-02T04:46:17.757,2022-03-02T04:46:17.768,,1.00E+07,1.60E+07
24788e13-a4e7-4126-bd37-cc1e4c45de30,5f3a7867-948a-4512-acdb-1ad2a7c404e6,2022-03-02T14:08:17.497,2022-03-02T14:08:17.498,,,
92f67a35-fdb7-4e56-b4e9-97daf05da8a4,bc0cca05-860f-4eb8-a119-f52a0fc43fcd,2022-03-02T18:04:06.579,2022-03-02T18:04:06.589,,1.00E+07,1.60E+07
69f07c4b-81e4-4346-af0b-b9511c257a4c,83e08bec-0365-4034-a795-d835c0e5be04,2022-03-09T04:06:27.06,2022-03-09T04:31:49.859,,2000000,2000000
19403cb6-cc2d-49e5-8fdd-190637b99c34,f569b85b-d708-4113-a475-e6988ef5f0a7,2022-03-03T22:01:51.707,2022-03-03T22:01:51.707,,,
63bcc026-7f6a-4d22-bd24-46a090044ed2,6083755d-acf1-4632-897e-660aeda80266,2022-03-03T23:17:53.025,2022-03-03T23:21:25.807,,2000000,2000000
1eed6e82-a897-47ef-a974-2b020b67bf6c,c7da347c-8dc3-41ed-b82f-7e2714d7f440,2022-03-09T18:35:18.479,2022-03-09T18:35:18.498,,1.00E+07,1.20E+07
99ebc8bd-abb4-4ae0-94ad-a4f292450674,41d70546-147f-471d-9053-e88d5fd45e46,2022-03-09T19:03:22.716,2022-03-09T19:03:22.748,,1.00E+07,1.20E+07
882d6b54-1f32-495d-997f-b7e6c19b2663,a6e34ec3-06cd-46b6-8beb-39f0161215d9,2022-03-03T23:27:57.022,2022-03-04T00:10:43.072,,5000000,5000000
fd5326e4-bf87-4a93-9a04-eb11a1202101,17209ebf-1ee0-41c0-b21e-eb3601f0fc23,2022-03-04T00:12:48.183,2022-03-04T00:12:48.184,,,
61d4dcbc-315d-4665-8064-713beae59496,cd00a44d-b296-4388-a962-ce86a8a6a54b,2022-03-04T00:18:49.32,2022-03-04T00:18:49.342,,5000000,5000000
ada96dd0-795f-466b-9c41-f174e20e4534,42065301-e7ad-45ca-8cc2-5abe0098d208,2022-03-04T01:20:48.88,2022-03-04T01:20:48.901,,5000000,5000000
068ebb56-8057-42c9-ba1a-66d3169c8cca,68dd7124-1eb1-4872-849c-03188799bd34,2022-03-04T19:35:06.385,2022-03-04T19:35:06.415,,5000000,5000000
d5eeda95-c80f-4c77-979a-396e05df50d1,f45404b9-94db-4873-81b2-8daa1349f64e,2022-03-04T20:23:11.786,2022-03-04T20:23:11.812,,5000000,5000000
82d81d6d-e754-4da6-930a-bdbe3f383707,f6e15230-197a-4f62-9b37-b346b1d5e581,2022-03-04T22:53:35.081,2022-03-04T22:53:35.082,,,
0b70fc32-0545-4a0b-88ab-96bd6b98c035,00c3e57b-f994-460d-a0a9-d210e0270128,2022-03-04T22:55:55.806,2022-03-04T22:55:55.858,,5000000,5000000
133de6b5-f7c8-4c2f-8ddd-a995d97a9af8,d53036a7-3d62-4bd7-86d3-3d9477900396,2022-03-02T01:42:15.418,2022-03-04T23:21:10.395,,1.00E+07,1.50E+07
287c9655-1093-4548-b65c-273d0aa64dbf,960e6f2c-0fde-48a5-85b4-b2727c1c5616,2022-03-05T01:03:27.65,2022-03-05T01:03:27.651,,,
a793a8cc-45f7-41f9-bd45-3ff869b03e05,f138fee7-d9ac-4f12-97c5-4b0f8ea469a6,2022-03-01T21:07:56.626,2022-03-11T05:41:28.388,,5000000,7000000
b3b585c7-7b23-4cbc-a302-e79cd37c6596,a80d8e3c-035d-4fd1-aa3f-1626944405f5,2022-03-09T19:56:24.263,2022-03-09T20:02:49.869,,1.00E+07,1.50E+07
e82cb076-5ef3-4c2d-b97e-a632be6618f8,57001e5c-e92f-4735-a7ba-41bec5d05489,2022-03-09T21:25:15.892,2022-03-09T21:25:15.921,,1.00E+07,1.50E+07
409923ea-3c45-4b9c-813d-9c7045709281,a5aadaf0-bada-44da-b21a-7a283e4fb25c,2022-03-09T21:51:41.707,2022-03-09T21:51:41.734,,1.00E+07,1.20E+07
5691962e-454e-4a58-b3f2-e439de8b7d48,a50d9be2-bd1a-414f-86f2-9220c8243367,2022-03-09T22:00:17.341,2022-03-09T22:00:17.369,,1.00E+07,1.20E+07
616e48da-fe44-4791-8a98-90ac69728afc,97ae022c-65dd-44c2-bb4a-f0c8a73cc8e7,2022-03-08T16:53:07.982,2022-03-08T22:08:01.573,,2000000,2000000
af2ac90a-63d8-499c-8ee8-6d70357025de,8ab5fbe6-7b54-4448-853b-e9f0cf012a70,2022-03-07T22:54:01.61,2022-03-08T22:14:56.99,,2000000,2000000
1399e616-5307-42ae-a0ec-4ca0e4ffd123,3317be40-4843-42b6-b5b7-ab6c5acc61da,2022-03-08T22:27:36.666,2022-03-08T22:29:15.41,,1.00E+07,1.20E+07
440c31bc-1bce-490a-a54d-bab21959bf12,b5aae6fb-19b9-4bbe-8cd8-516fe55dbc66,2022-03-09T22:38:45.606,2022-03-09T22:38:45.633,,1.00E+07,1.50E+07
0ec8baee-f9d4-41b8-944e-d2ec4b8c463e,ae7d4a37-44c0-48b6-b49c-78ed5a4ddc42,2022-03-09T22:46:01.583,2022-03-09T23:06:04.876,,1.00E+07,1.20E+07
a8ae7ea2-6063-4b16-a671-f6774c9b441a,fd35da9e-3801-4cc8-8a02-3c3df0fd6e17,2022-03-10T19:02:21.395,2022-03-10T19:18:43.3,,1.00E+07,1.20E+07
dab2d427-d413-4523-8dce-b5ac6d55d24e,a2d452cb-4b83-471c-9b3e-933544a77a1a,2022-03-14T14:03:29.027,2022-03-14T15:07:44.722,,1.00E+07,1.20E+07
9fdddd98-0fed-435f-a62a-0883cdb05560,a685343c-dd20-40eb-99de-834b0d0f5720,2022-03-10T01:07:10.901,2022-03-10T01:07:10.916,,1.00E+07,1.20E+07
dd864a51-2ff9-43f7-9229-402289de2979,3cc2c587-a05b-474b-aac1-713784e8c2c1,2022-03-10T21:07:17.825,2022-03-10T21:07:17.841,,1.00E+07,1.20E+07
d1d26f58-fd3b-41f5-ad4f-6243c3682009,a5341c9b-a666-49d5-bd97-47f155febccf,2022-03-10T21:12:56.651,2022-03-10T21:12:56.667,,1.00E+07,1.20E+07
59eff98f-4b17-40d1-8890-6672c2d52fa9,b92e28da-050a-4695-ba9f-ecf0d9a57d2d,2022-03-03T16:07:20.965,2022-03-10T02:19:09.117,,1.00E+07,1.20E+07
ed55ef5f-5b62-4dd9-b0eb-0a6fee5b62fa,5915fe5e-c8a1-4c45-a198-6b878a553e24,2022-03-10T15:55:11.007,2022-03-10T16:27:56.162,,1.00E+07,1.10E+07
ab4c61e9-540a-4dca-a082-fdbcbd288d0a,9188f7c5-4ceb-4948-8eb7-602e2bc09279,2022-03-01T19:23:19.709,2022-03-10T21:33:13.802,,4000000,6000000
e6348007-5b3a-41c5-9d91-7d9427513432,b1ee64db-4070-4e8a-bb6b-1aafb41e0b89,2022-03-11T05:01:00.003,2022-03-11T05:01:00.024,,1.00E+07,1.50E+07
1c811eb6-2ab8-4e63-bbce-bd7d123386de,fe774080-2c62-44c0-a5c8-2cd3f5ec6778,2022-03-11T05:13:42.053,2022-03-11T05:13:42.083,,1.00E+07,1.50E+07
5efaa7b5-8e5b-4218-b8b2-8cf3680caeae,f084eeb5-7018-4ff6-8d21-0cefce594479,2022-03-14T15:19:01.51,2022-03-14T15:19:01.54,,2000000,2000000
0c27f2b2-df9c-4ca6-b312-ab821e2103af,2c815f08-f628-4ef1-92ff-def93dcd3a20,2022-03-14T16:33:29.403,2022-03-14T16:33:29.436,,2000000,2000000
407b96bd-7606-4cf3-b166-0ee3b56e9adf,6f16cb53-7612-4218-8cd5-536cadba7d7f,2022-03-14T17:03:54.826,2022-03-14T17:03:54.857,,2000000,2000000
136243ad-353a-496c-8085-10add2307087,f6f3bd9c-97a3-4864-8d2d-bb4537d76861,2022-03-01T22:22:44.657,2022-03-14T17:30:51.994,,5000000,7000000
c339f878-17c7-4d58-92c5-b5b991a3602a,f99c42c0-72bd-4f8e-ac1a-dfcdc3a9c86e,2022-03-14T23:39:50.594,2022-03-14T23:39:50.626,,2000000,2000000
f9f9131d-1eed-48c4-ac07-1c968d49b707,d1373938-0f57-4105-8aec-30d83c77ba4f,2022-03-15T05:14:46.607,2022-03-15T05:14:46.649,,2000000,2000000
72b870ae-3b6a-4109-bd44-c71264f6fad7,7c3aed7c-6d1c-40e5-bdde-595c6b410f4b,2022-03-15T05:31:34.814,2022-03-15T05:31:34.814,,,
ad062075-7f35-4a75-bd8e-3e3a07fbd98c,ed5b9c4d-14ef-4e1b-9e10-4fd736012e33,2022-03-15T21:53:45.595,2022-03-15T21:53:45.596,,,
883eb05f-9fe8-4fe8-ab2e-781188d2997c,718fef1b-288a-4b74-924e-4735db46e6ed,2022-03-15T22:06:23.879,2022-03-15T22:06:24.044,,1.00E+07,1.20E+07
10496623-9a53-435d-8a13-f6a8475dc436,92d5cf26-beaa-4078-825b-bba92226c0ca,2022-03-15T23:02:40.929,2022-03-15T23:02:40.93,,,
dc7d4451-a0d0-4e6d-9817-00c6b2662a71,b49ce0b7-00d2-4f00-999e-8d937fdef873,2022-03-16T13:51:58.476,2022-03-16T13:51:58.501,,1.00E+07,1.20E+07
263565de-4077-4a44-8be1-83c520a73337,e47158be-4ce4-4642-af66-a417c2d0bec0,2022-03-30T04:04:46.926,2022-03-30T04:04:46.95,,1.00E+07,1.60E+07
dbd872d3-4f01-4785-bf38-36dacb710332,4a9f291d-2788-4d2c-b52b-6e1d58d59155,2022-03-17T16:32:12.287,2022-03-17T16:32:12.309,,5000000,7000000
68989476-7faa-4c1d-a9d0-a8b9e9132181,d7175c14-12a7-4418-af8d-210a78d5e6e7,2022-03-17T17:43:09.185,2022-03-17T17:43:09.203,,5000000,7000000
3b24c379-0398-4893-bf1c-d0bf525cc2de,94c59a6c-e74d-48d4-8f40-c84465297e7a,2022-03-17T20:22:35.698,2022-03-17T20:22:35.717,,1.00E+07,1.20E+07
324789d2-04cc-4801-93c9-41ba45b18fe0,25c6a3b1-eafb-4a87-a074-5dbc495f68c9,2022-03-17T21:04:10.039,2022-03-17T21:04:10.061,,5000000,7000000
6d907f7d-a4da-4485-b385-6bd15cf7934a,616fc38e-30b8-4254-90fd-3281e5e6c49d,2022-03-17T21:09:30.505,2022-03-17T21:09:30.532,,5000000,7000000
15b10094-92ed-4c20-abb1-7f44e0ddafa4,a654208f-8321-4a20-893c-61b1087c6dc7,2022-03-17T21:15:44.972,2022-03-17T21:15:44.988,,5000000,7000000
3de3478b-e053-4eec-8c16-04b1e4774230,a535c400-32dd-4bc4-85fa-ae3eb0a7bedf,2022-03-17T23:31:23.074,2022-03-17T23:31:23.075,,,
8ca4e17d-bffb-4164-aef1-0afce7d1869e,54dedfa9-bf87-4e56-a8ba-8f64e609fb56,2022-03-18T19:03:04.161,2022-03-18T19:03:04.194,,2000000,2000000
5dc2a05f-a1f9-47b5-96d8-daf74e2f893e,2118adaf-2c8b-4064-a888-53d0eeaaccbd,2022-03-18T19:49:56.502,2022-03-18T19:49:56.557,,2000000,2000000
65b9f326-a790-4024-8ab8-840e772a5a42,14b41082-9747-4971-83ef-baa1fc345274,2022-03-18T19:59:26.154,2022-03-18T19:59:26.183,,2000000,2000000
bd09cb54-2ab1-4f16-9bea-ec71839be054,0179fddf-e504-4bb1-b060-16aef62561cc,2022-03-18T20:52:46.598,2022-03-18T20:52:46.598,,,
d8e2b643-5818-42a2-8dad-ca7e0c754e64,e4161249-0858-476d-88a2-fbea0e9d3a08,2022-03-21T16:18:29.005,2022-03-21T16:18:29.047,,2000000,2000000
3bec0df9-bfc7-4e19-8904-c6bca98783b5,b6011034-877f-4394-8500-b05616fb7324,2022-03-21T16:26:02.572,2022-03-21T16:26:02.616,,2000000,2000000
2847df79-0c53-4629-b109-9682ad4f1baf,66da6ad1-4ffb-423d-9d41-a52948488d38,2022-03-21T16:39:35.133,2022-03-21T16:39:35.171,,5000000,7000000
08163876-8e58-4616-adc2-b626b7a4308d,c35e100e-37ce-4848-9e4d-f2fe67334bfc,2022-03-21T17:11:37.941,2022-03-21T17:11:37.962,,5000000,7000000
13c109de-74d5-435c-aedb-02e6ee1b1a2b,183787b8-70a4-4a17-8686-f37ebf61a3f9,2022-03-21T17:12:12.18,2022-03-21T17:12:12.205,,5000000,7000000
b28f66b3-9062-42a1-97bd-333fe533fee9,c569173b-7485-4c49-8fef-2e31047c4ad2,2022-03-21T17:13:46.929,2022-03-21T17:13:46.956,,5000000,7000000
bedc3f31-9d63-4367-896d-484250636c23,f5446749-112f-41db-b29b-b528b7b1212a,2022-03-21T17:16:36.483,2022-03-21T17:16:36.501,,5000000,7000000
c2220e73-aff2-4046-aa3b-d1f74d30d511,f0c11691-704f-40fb-b87c-791d0cc6f51d,2022-03-21T17:28:09.457,2022-03-21T17:28:09.458,,,
d0fffbb6-203e-46dd-bfdf-44011d651b14,1e447be6-983f-4d5e-b813-5b35c9e551db,2022-03-21T17:34:11.673,2022-03-21T17:34:11.702,,5000000,7000000
5c0cff53-36ef-44ae-be17-09562e030856,2c0e25b9-43c1-4856-85c2-1b744f3074f5,2022-03-21T17:34:38.428,2022-03-21T17:34:38.448,,5000000,7000000
95057d37-eeac-42f9-af41-934dfb4e0c8c,418a8947-2694-4ea3-bc27-0aa7fee38581,2022-03-21T17:56:57.912,2022-03-21T17:56:57.956,,2000000,2000000
fd775be9-d64d-4880-b7b8-c17996795661,9a40af61-e8a0-49ab-b8a9-43e51eaa3e36,2022-03-21T17:59:15.383,2022-03-21T17:59:15.414,,2000000,2000000
736f73ce-c4ad-48dc-a5fd-de8e71f77eaf,604c24b0-edb9-4eff-87c2-80f8dc5faa01,2022-03-21T22:41:34.339,2022-03-21T22:41:34.372,,2000000,2000000
07228ef9-ce1a-40a9-8335-39ac490d302b,b3604500-0dd7-4c56-b6e5-b289fc114750,2022-03-30T15:58:19.699,2022-03-30T15:58:19.699,,,
8744eb7c-3f5e-4da1-bdb8-f3a939d32352,804c52e8-b933-4453-8884-c95ceb4a0e44,2022-03-22T17:11:52.388,2022-03-22T18:17:12.621,,1.50E+07,1.70E+07
56746573-c58b-4533-b82a-8a547e0f6115,4938ede9-4bb5-41b4-b34b-3dfa7194c512,2022-03-17T14:56:00.915,2022-03-23T01:29:01.766,,5000000,1.00E+07
a66a5fd1-7e81-4cc0-bf7b-924329ba6f5b,33deffeb-f3fd-4bad-bd63-9ebfa9cb261b,2022-03-23T19:04:21.214,2022-03-23T19:04:21.298,,5000000,1.00E+07
1b398ae3-2d56-4b91-9af0-a8c0d77df69d,aacabae0-e14d-496b-8827-2b84e1cfd940,2022-03-23T19:11:00.57,2022-03-23T19:11:00.662,,5000000,1.00E+07
8775d138-a9d4-4dbf-9431-5e6fa6109572,7301682b-612b-49ce-a8a8-e56811595349,2022-03-23T19:14:57.563,2022-03-23T19:14:57.58,,5000000,1.00E+07
2068b4b8-73a4-489b-80f5-c8c2b7473acd,f0a6ec24-f2b2-4031-8718-5306466435ea,2022-03-23T19:23:01.647,2022-03-23T19:23:01.663,,5000000,7000000
badb907b-070d-4000-97c4-397f8072b120,5fcc392b-eab4-413c-a383-2a63b89f8016,2022-03-23T19:27:34.174,2022-03-23T19:27:34.206,,5000000,7000000
b91ded84-d8f3-4225-bbf9-b22cc3f43eb7,c3e66112-f1eb-41c7-a68b-2e9f1ab7ff9d,2022-03-23T19:54:33.059,2022-03-23T19:54:33.093,,5000000,7000000
06b63550-86c6-450e-9f9c-92c0220ddb63,5ed5d0bc-0ee4-4bbe-8439-740e68d2ac13,2022-03-24T21:52:01.295,2022-03-24T22:00:23.535,,1.00E+07,1.10E+07
f82180db-8f28-449f-89e1-2d42f20c946a,ace77b80-7d05-4dda-9529-f2044f044b43,2022-03-26T18:42:57.191,2022-04-02T01:18:03.455,,4000000,5000000
3dc876fc-31a0-4dd7-b18f-c55fe8f7072c,4d5217bd-eb62-4dd4-80c6-5fb8d4e9977c,2022-03-29T16:40:11.954,2022-03-29T16:40:12.072,,2000000,2000000
60ff4795-1a40-40ba-9e59-bc20b48b357f,4d96f794-a2ba-49b4-9878-ae4f48623485,2022-03-29T16:44:08.075,2022-03-29T16:44:08.123,,2000000,2000000
27e0c358-3c3b-4455-8402-f94d1a7295cd,0a554380-1d25-4558-b547-ad72eda3d03c,2022-03-29T16:57:49.003,2022-03-29T16:57:49.102,,2000000,2000000
c9cbb2bf-438b-4938-9eeb-e7e6dfdb4c54,c81d0cc1-eedb-4c25-b4f1-22ee1fa102f6,2022-03-29T17:50:29.249,2022-03-29T17:50:29.276,,2000000,2000000
ca4ff8a7-bd54-4fb1-a51a-ed59df3c7c16,6f2a929f-37e5-4d2d-860b-d014df2cbd34,2022-03-29T17:54:26.785,2022-03-29T17:54:26.821,,2000000,2000000
5e531b34-3114-451a-ab56-9abcff114afe,ad645b7c-8f83-4970-9e41-652cc57f4ae1,2022-03-29T18:08:25.626,2022-03-29T18:08:25.679,,2000000,2000000
a1959048-135e-4ce2-a6a9-9a4d2419f5d0,0307d7ed-2c71-4b4b-828b-6696039efa35,2022-03-29T18:10:40.97,2022-03-29T18:10:40.998,,2000000,2000000
e8433fa0-0493-4bae-a458-c92986d8a103,821d93e8-51e6-436d-8a21-7f741617a1eb,2022-03-29T18:30:43.921,2022-03-29T18:30:43.951,,2000000,2000000
a331b2c9-7272-4353-9ad2-83c6fedd0562,f7b0ee08-16f1-4c42-b9f2-da4537df4a2a,2022-03-29T18:41:15.463,2022-03-29T18:41:15.496,,2000000,2000000
bbb9eb41-937d-4d66-8864-d77a2b14059e,c7ad9d13-7df4-422b-accf-fc754fbd1493,2022-03-29T18:41:57.073,2022-03-29T18:41:57.097,,2000000,2000000
69035912-85f6-4255-85d4-507285ae7197,53fcbea8-7351-464f-b7f6-b975b0cc2ff2,2022-04-01T17:17:40.387,2022-04-01T17:17:40.407,,5000000,7000000
23346d27-a0b2-4233-92e3-ab951da1d55a,0254d0df-ac73-478c-8007-9bf21586c5d9,2022-03-29T18:50:34.892,2022-03-29T18:50:34.93,,2000000,2000000
aed4201b-7fbb-49c2-a25b-00c6cb9d9108,2ca6e168-1956-46b9-9a04-b6c743a2b99b,2022-03-29T20:22:32.752,2022-03-29T20:22:32.8,,2000000,2000000
413c83ac-b74b-40a7-a401-1f0829a1460c,0b82901c-47dd-4027-8f22-46b4341023b8,2022-03-29T20:24:35.799,2022-03-29T20:24:35.826,,2000000,2000000
ca6737bf-fa44-45a0-ba42-5108d5d77a83,8d8eb6c1-fac9-426a-aa45-93c74a49f356,2022-03-29T21:00:44.217,2022-03-29T21:00:44.244,,2000000,2000000
52bd9728-2c77-418b-b5a9-e0adff92b6a2,a76f1136-9985-43eb-8fc0-83dd30b6e0e5,2022-03-30T02:55:03.441,2022-03-30T02:55:03.442,,,
2bf4be8d-5acc-4c4c-9e1d-4c4b12b16191,233b5865-396f-4961-ae4b-fa2610b9e9e2,2022-03-30T03:36:51.817,2022-03-30T03:36:51.817,,,
99dbac56-d811-46c4-a8b3-6eed923c4bc0,eeee3d8d-024e-4fde-a90b-9a8338eb9004,2022-03-30T03:50:23.527,2022-03-30T03:50:23.528,,,
4352379c-8bf7-4917-99f3-ace7141108c7,ae6a1af7-acff-4db8-9abe-0e397c82e32f,2022-03-30T04:02:12.003,2022-03-30T04:02:12.004,,,
9398f77d-d5c8-4075-bcb0-5fbd245b6b8f,f76f7076-97f7-49ac-b5eb-16e2bb763f62,2022-03-30T04:04:35.423,2022-03-30T04:04:35.431,,5000000,6000000
35b17677-4c1b-4b33-b472-c4f990b93d40,66c04975-411a-49c7-9ffb-4563a48840ca,2022-03-30T16:22:11.467,2022-03-30T16:22:11.468,,,
83d308a4-e5b8-4fee-a9e4-c291c62d897d,a54c257a-0095-4a36-a196-87fb98995859,2022-03-30T16:26:48.343,2022-03-30T16:26:48.344,,,
72bf0dd4-06b3-4167-901c-334111f72ffa,4e7e0b18-e5e3-48e6-9b53-c7b36383121c,2022-03-30T03:04:59.808,2022-04-22T13:25:51.089,,5000000,7000000
baaff69b-ac15-4e56-9760-1ed0fd224644,6021e487-960b-4e1b-a98a-21f1860cddeb,2022-03-31T20:00:52.449,2022-03-31T20:00:52.478,,5000000,1.00E+07
4c056671-ec36-4ccd-b3d4-4d91c67967e2,12646445-6619-4a80-adc5-c46f1380e352,2022-03-31T20:01:19.563,2022-03-31T20:01:19.588,,5000000,7000000
1825d23f-206d-4167-a65f-7b7a3fefdcbc,3b2f9416-f133-41c6-b67e-a74a30d860f5,2022-03-01T03:23:28.52,2022-04-03T21:11:05.041,,1.00E+07,1.20E+07
3375c986-16c1-44a2-9075-81baff5a5972,16348872-2c1d-4173-a6ab-8d061dd421e4,2022-04-04T21:11:39.145,2022-04-04T21:13:17.007,,1.00E+07,1.70E+07
b448066b-399a-45e3-b412-2ed1ba1e2809,0c6c1411-d1fc-4db6-8111-dae9ad3e2065,2022-04-07T17:24:53.019,2022-04-07T17:24:53.02,,,
94e7d313-8892-4c03-b8c4-ebc94a8aaa9b,936d29c1-3e16-43c0-a57b-606112274251,2022-02-28T16:56:58.128,2022-04-07T02:51:15.496,,1.00E+07,1.10E+07
8d0fa84c-7669-424d-a0c7-f9ab5ae2fb27,dcc73879-1b91-404a-b6ec-ab4dbe97efe7,2022-04-07T18:23:16.545,2022-04-19T01:41:38.278,,1.00E+07,1.10E+07
b5fb2ce8-1169-412b-8a15-c8ed7c696f77,284794e6-3a57-42ca-b2ad-28fd1398fa10,2022-04-08T21:13:49.994,2022-04-08T21:13:49.995,,,
fdaf5369-2de5-4c8d-abd0-5523ec2ac6a6,7d6edb7d-58b4-4a35-9564-79fa3bec6ee8,2022-04-11T18:56:20.806,2022-04-11T18:56:20.807,,,
5728cee3-c866-418e-b836-9d9784ff793c,0d63e37c-b2c5-4d67-a3b5-88e23cfad476,2022-04-07T18:49:10.113,2022-04-20T21:33:30.202,,5000000,7000000
4b17b613-5c4b-40b4-9d5c-28197dc8a3eb,60061021-4490-43a8-ada7-c7ab4b42848a,2022-04-20T22:41:10.319,2022-04-20T22:41:25.145,,5000000,7000000
d2b8080b-6085-4f97-b6ea-23b6d28553f4,1e2b613b-99eb-43ee-890d-b3b82b2805c9,2022-04-29T16:14:15.491,2022-04-29T16:15:15.84,,1.00E+07,2.70E+07
beabc309-34e2-43e6-adda-2980b9abae77,ee89c6b7-4cfc-4479-823a-17fea7201e99,2022-04-11T22:29:41.147,2022-04-28T18:00:03.606,,5000000,7000000
96af35b4-977a-4894-8c75-1b2b66987364,12af3f4b-4a0a-40aa-a174-f115059adaef,2022-04-29T16:35:16.805,2022-04-29T16:35:52.925,,1.00E+07,2.70E+07
f28fd787-fc3a-4104-bbdb-f96513a610f9,0946d1c5-9fc1-46f5-a94b-8edcb179a1b3,2022-04-14T17:44:49.957,2022-04-14T19:39:06.511,,5000000,6000000
87806deb-73e3-4e44-bf72-63ebb31c6f14,cb96916b-1d9e-40c5-bd45-d1b9381e0cac,2022-04-12T19:48:54.305,2022-04-14T19:40:32.694,,5000000,6000000
4b4d04cb-7d97-4828-8423-9cfcb9c3bbca,7cc230cd-a425-4022-bfb5-301ccd4a4adc,2022-04-14T17:46:23.413,2022-04-18T15:30:43.606,,1.00E+07,1.60E+07
a1f30bc9-5d02-4ab6-866c-5f83ac4759c8,eef5b531-fb6c-420a-b56a-9e819daecdef,2022-04-27T01:06:53.901,2022-04-28T18:08:48.846,,1.00E+07,2.70E+07
fe72827d-3e1a-4849-8638-b74077d04df0,2438e6d2-09fe-43f4-b230-18d4b63d983b,2022-04-18T20:59:36.714,2022-04-18T21:33:15.711,,5000000,7000000
483d7bfa-46cd-471a-b4af-a5c416ebbd39,a7581b33-010a-49a3-84af-d2e8ffd9d4a1,2022-04-18T23:08:34.601,2022-04-18T23:08:34.617,,1.00E+07,1.60E+07
7cb03cb0-afaa-4f75-9d37-386d986f3c77,2bbfc4f4-ef96-4b5d-9860-dd176a09ab81,2022-04-18T23:09:51.141,2022-04-18T23:09:51.162,,1.00E+07,1.60E+07
fcbf2b81-3897-4575-854f-80846c403441,829b980b-4ca2-44ea-95d1-a7d2f71a77ac,2022-04-18T23:21:22.842,2022-04-18T23:21:22.876,,1.00E+07,1.60E+07
6607a241-cf10-4431-b10b-5699d4ffd565,2289ac84-3374-462f-b377-0c05bf3d6836,2022-04-18T23:23:43.093,2022-04-18T23:23:43.106,,1.00E+07,1.60E+07
a74eb6b6-2c0f-4fed-85b9-4572f911da81,ad7a0f05-035f-4d4e-ab81-241b8ac008dc,2022-04-18T23:24:12.102,2022-04-18T23:26:23.987,,1.00E+07,2.70E+07
8d5793fa-3461-43b2-bdab-f07e9268ea74,7bbb478c-5ffd-437b-b8e6-54204bf331fa,2022-04-14T23:36:10.833,2022-05-18T23:46:35.111,,5000000,1.20E+07
cfa33336-9eb2-495d-bed5-f672d248ddb6,342e21c0-95ca-4104-8ea6-b909f70bbf27,2022-04-19T00:16:18.483,2022-04-19T00:16:18.504,,1.00E+07,1.60E+07
4a7230a5-3689-46f7-a556-5954da58d835,b126af15-b5de-4259-b997-86e317ddbd7a,2022-04-29T13:06:42.202,2022-04-29T13:06:42.338,,1.00E+07,2.70E+07
5c470670-eecf-4096-b5a8-6f28e982aa4a,7f2ba51e-249f-4465-9975-edcfa42e2084,2022-04-29T13:07:37.969,2022-04-29T13:07:45.709,,1.00E+07,2.70E+07
9cdc7ff6-4dae-4e7f-9862-edfd8067eb3f,f4c889d6-fc19-4607-830f-1238e1570ce4,2022-04-29T13:08:58.379,2022-04-29T13:08:58.492,,1.00E+07,2.70E+07
ebfd4526-5711-4f2a-8231-b5ee2b402eda,b043d812-0e9e-44db-83f9-9d270666f791,2022-04-29T13:09:29.608,2022-04-29T13:09:41.947,,1.00E+07,2.70E+07
712fa743-8e1a-48f7-aa9c-d736982fe24e,0467b693-def0-4487-8dee-84b2a9c5c30a,2022-04-19T18:07:58.876,2022-04-19T21:08:51.496,,5000000,7000000
f6aba693-ed57-4096-bdf9-cde11046e5ac,cb04b622-49fd-4e6a-a60f-75c62c4d6e32,2022-04-22T13:34:10.784,2022-04-22T17:02:28.958,,1.00E+07,1.20E+07
e320d000-57e8-47dd-9b38-54644b7341da,1916cb05-7208-4644-b5ac-fc141e5684d3,2022-04-22T13:28:18.39,2022-04-22T17:03:30.261,,1.00E+07,1.20E+07
d883fccb-74c0-473c-8823-cd3a9e679385,9e8b4783-2c7a-4aec-99a8-70d16183b033,2022-04-22T17:49:54.824,2022-04-22T17:49:54.825,,,
a0dcd631-a523-4103-ab19-51ead3fb4076,8e730cd3-d1f6-460b-9b9b-a386d0479738,2022-04-22T18:30:27.768,2022-04-22T18:30:27.799,,1.00E+07,1.20E+07
b08bedca-88db-49a5-a88a-7159636b0879,9df64e7c-f400-4bca-ad16-9f22ec253505,2022-04-22T19:36:05.208,2022-04-22T19:36:05.219,,1.00E+07,1.20E+07
8fd97259-5568-44b9-b886-21669647db61,c2a57177-ad8b-4834-8476-39755704e5f0,2022-04-14T23:39:34.333,2022-04-22T20:14:00.606,,7000000,1.00E+07
ae81f7c6-ef10-49b7-8ff8-2ab8ec5a48a5,a964cceb-2407-4dad-9997-b98d721134b0,2022-04-19T21:17:20.597,2022-04-19T21:42:31.532,,5000000,1.20E+07
e13c38cd-ecc9-4570-be2e-a91ff913e1f4,3849ad1c-0b0a-451e-859d-5de1b5a44ee6,2022-04-26T16:59:46.95,2022-04-26T17:01:48.8,,1.00E+07,2.70E+07
87298fea-8728-4f70-bb0a-e3a65602eaa3,90532675-c46b-4782-b778-7b37a33577a0,2022-04-19T21:52:35.982,2022-04-19T22:06:34.826,,5000000,1.20E+07
ccf43adf-9144-4798-82fd-fc87c987bd3b,5648a338-c5aa-4697-8929-560fd1afb55c,2022-04-19T13:19:10.742,2022-04-19T22:24:59.494,,5000000,7000000
c20a1673-04e9-47c3-bd57-387c9131f8f0,de3c9115-c5a6-47e1-817d-1999b0ed9b64,2022-04-13T17:38:36.265,2022-04-20T00:20:55.427,,5000000,7000000
e3fa0ac0-5449-4dfa-811d-a760a636133b,36779049-64c6-4bf2-b9e6-634261958476,2022-04-20T14:26:34.212,2022-04-20T14:26:34.246,,5000000,7000000
132f9381-bad3-4f0f-85e1-00ff2635c50a,374c976b-788e-4531-b1bb-ea6166848f95,2022-04-20T14:29:25.773,2022-04-20T14:29:25.815,,5000000,7000000
f14922e7-8068-4f1e-a243-ced464ce6ddf,c82912c4-17a6-46da-9497-5a5d4b03e198,2022-04-20T15:25:23.799,2022-04-20T15:25:23.853,,5000000,7000000
b8acaf20-8ea4-482a-98d2-870b2b039239,bfc182fc-3808-4593-bfcb-cdbb715b9a29,2022-04-20T15:56:17.989,2022-04-20T15:56:18.034,,5000000,7000000
b3652605-4523-4098-ae0c-f49cdaa20dbe,b871b244-1849-49fb-a773-0c341795b73c,2022-04-20T18:11:59.944,2022-04-20T18:11:59.944,,,
bd7d65d8-045f-408e-83d6-4afe2bd3e263,59bdcd0b-43ad-420a-acf3-6d31c9b518b1,2022-04-29T13:31:54.648,2022-04-29T13:31:54.831,,1.00E+07,2.70E+07
4b6c2afc-764b-4be8-8bed-d26712612c69,4bb5a121-dd29-4326-adac-e84f7e97490a,2022-04-29T13:33:55.433,2022-04-29T13:34:02.915,,1.00E+07,2.70E+07
5ec7a578-62e5-4e81-8596-c2e4e16159c9,861b3dc2-8816-4085-8a11-79287a9945a5,2022-04-29T14:27:10.719,2022-04-29T14:27:11.058,,1.00E+07,2.70E+07
1023a800-21a2-4f2a-8d8c-fd1cf86821fd,43781413-7cc0-441b-a266-9d84c2c9a399,2022-04-29T14:28:08.606,2022-04-29T14:28:20.275,,1.00E+07,2.70E+07
c6082f5b-87e1-4cd8-becd-e1379e685bad,d100838e-29a4-43b5-a4b3-7ffc37cc6ac7,2022-04-29T17:15:54.199,2022-04-29T17:15:54.2,,,
d24f7ec6-e956-4775-bca3-f72eeaca3312,a7437f68-a7d5-41fe-a089-4b336b3ebdb4,2022-04-29T14:29:26.037,2022-04-29T14:31:14.542,,1.00E+07,2.70E+07
a3bf9807-7e17-4418-b380-f78bbb902c4f,2f1eb270-9423-41e1-9211-03b59f8def34,2022-04-29T14:32:46.676,2022-04-29T14:33:16.25,,1.00E+07,2.70E+07
64d0a9fc-1360-481a-a083-f96b3398d3fc,97918833-33aa-478d-9e7b-32724f6b9e92,2022-04-29T14:34:20.325,2022-04-29T14:35:25.956,,1.00E+07,2.70E+07
daac8db7-d366-4a2c-9125-1e4faf3e9ab2,bfaf3b28-3b56-4c6d-9dcf-20d35893d494,2022-04-29T14:36:01.816,2022-04-29T14:36:31.547,,1.00E+07,2.70E+07
a3b6b9b2-06c3-40a4-ae19-9a6c69d48700,529fcec6-38a6-45f9-a9ad-f8f6322c4c72,2022-04-29T21:27:43.244,2022-04-29T21:28:15.072,,1.00E+07,2.70E+07
2c60b173-f862-4706-9377-3e00c55a3df0,e687ebb0-60d2-498a-847b-dd8b0266e6c3,2022-04-29T21:52:41.366,2022-04-29T21:52:41.472,,1.00E+07,2.70E+07
cc3fd2a5-7079-4561-853f-b095eaaf0f5e,a5be6397-15c3-4027-958a-49f44e9cef17,2022-04-29T21:53:09.075,2022-04-29T21:53:31.729,,1.00E+07,2.70E+07
09ee7974-2831-46fb-ab5c-b3c58ed47edc,be42ecdd-155c-4f49-b90a-15a24900be4d,2022-05-02T17:13:08.033,2022-05-02T17:13:08.033,,,
2dbc5a22-9626-4003-8a31-373a90f562d4,e236efbc-a4fd-42fe-ae70-61353c7f10f3,2022-05-03T00:38:49.997,2022-05-03T00:38:50.104,,1.00E+07,2.70E+07
8caea193-9826-47b1-a5de-acd2a8894fe9,5a51a46d-8718-4836-bf7d-c55f1d9ee368,2022-05-03T17:52:01.362,2022-05-03T17:52:01.465,,1.00E+07,2.70E+07
801c9c8e-72cf-4e39-8ef9-e0047dd2930d,471367ac-884a-450d-a654-17a7f3fcecd2,2022-05-03T22:02:57.841,2022-05-03T22:02:57.842,,,
cce19919-d344-4f9e-aeaa-02d929991afc,cbebd936-7727-4f6e-98f7-7ce57a68b5b0,2022-05-04T00:47:27.233,2022-05-04T00:47:27.234,,,
5d2a1905-3a1c-4fb5-91f7-fe6ef797c335,cbd683f8-d92a-44be-9feb-34d1e41c94a6,2022-05-04T15:45:10.355,2022-05-04T15:45:10.356,,,
bf246ad5-c5f5-47e6-b02f-5b265889f1c7,9ee7c612-b6cf-4602-9335-93064c955aa9,2022-05-05T15:26:56.326,2022-05-05T15:26:56.327,,,
5b2a578a-4904-4f8b-b991-04be39dc9bb2,f6459c4c-3e50-4184-b8fb-87c8c094cc63,2022-05-05T15:28:56.617,2022-05-05T15:28:56.619,,,
02e8d32b-d83a-404e-bf4d-31e8ba450889,3f90b51a-d4b0-4895-a1a1-4dcadfa8fbd9,2022-05-09T15:37:08.62,2022-05-09T15:37:08.654,,1.00E+07,1.70E+07
a594d239-3432-445f-93c4-5c93196c6914,ab051e70-0ec2-4aa5-96a2-b63c8fb2cde3,2022-05-06T15:27:13.992,2022-05-06T18:59:11.845,,1.00E+07,1.20E+07
e20b7fcb-3d95-4375-a470-216ae0d76a54,e2b75900-8203-4262-b7b4-fbc3329d9613,2022-05-06T23:31:32.827,2022-05-06T23:31:32.828,,,
33ca87b0-4320-4cc3-a503-8609608d220d,9ae8f8f5-d2b5-4008-93c5-2e389453f116,2022-05-04T14:34:46.21,2022-05-09T02:24:29.872,,1.00E+07,1.70E+07
0cc79b7b-465b-4b06-8fec-0dce394a4958,119dd8db-5411-4f79-a831-ecd8293ccd3a,2022-05-09T17:15:17.538,2022-05-09T17:15:17.575,,1.00E+07,1.70E+07
72018638-cf72-4064-8874-f0ce4eb6e1b3,808dfa86-9450-415c-bbb7-d3e7170cdb56,2022-05-09T17:37:15.554,2022-05-09T19:22:08.919,,1.00E+07,1.70E+07
7d863a1e-e70f-4eb6-bd6a-51889e75e17c,7a7c0b08-7cd6-43b1-970b-757da4430d00,2022-05-03T19:01:33.543,2022-06-10T22:35:09.923,,1.00E+07,1.20E+07
83fb479e-af74-471a-8be1-2f64df95d719,257acdca-2fb7-45c9-b187-b180000a259f,2022-05-09T19:38:42.719,2022-05-09T19:59:51.108,,1.00E+07,1.70E+07
a4932832-d84e-4ee4-8bf7-3c86d233c478,339ac061-7d6d-45fa-8ac4-40f408768801,2022-05-09T21:56:41.913,2022-05-09T21:56:42.047,,1.00E+07,2.70E+07
dadf9d72-0a87-4e6f-9247-b6ca4ee36feb,7eb611e3-d132-4469-94ea-5609bc82135a,2022-05-09T22:03:49.286,2022-05-09T22:03:49.43,,1.00E+07,2.70E+07
2dcb39bd-ecf3-453c-be53-5a7b3fb776cd,fddcadc7-84c3-481f-95d0-2e0be0624f15,2022-05-09T22:04:16.459,2022-05-09T22:04:16.748,,1.00E+07,2.70E+07
8ef5214e-4bbc-4c56-a4de-052555144e6b,0700f973-13fd-4eb5-8fc9-50ea8399a757,2022-05-09T23:04:49.986,2022-05-09T23:04:49.987,,,
0d898fe6-bb3b-4806-a94b-02c864a3ecfc,95c57454-7955-4edc-b250-2bc8946eefa6,2022-05-10T16:29:45.663,2022-05-10T16:29:45.799,,1.00E+07,2.70E+07
486bacfb-5eae-425a-8a97-e1a2d47a7e39,7c9281a5-bed1-4a03-b080-376c064abf09,2022-05-11T14:51:52.442,2022-05-11T14:51:52.645,,1.00E+07,2.70E+07
c8712821-996e-4e87-99ea-64485b1df016,82be4a8a-f187-4eef-b64e-bf9d5fddc658,2022-05-11T15:04:53.925,2022-05-11T15:04:53.926,,,
7b654bef-5a60-4766-a62c-10f53f4031b4,2ed5998c-7ed2-4bc4-8e02-715cf72540e6,2022-05-11T15:55:51.574,2022-05-11T15:55:51.575,,,
4839b8e9-1811-459d-9c49-f5fd5aa29e83,86084cc9-2fd0-4d93-b034-7a759dddc9a8,2022-05-11T19:37:58.71,2022-05-11T19:37:58.833,,1.00E+07,2.70E+07
71e49ab5-0599-4425-8ee7-4f1d55b85e77,58fbee50-bd00-45a0-b689-04d009dfcca4,2022-05-11T22:21:08.205,2022-05-11T22:21:08.337,,1.00E+07,2.70E+07
41f78463-2217-40a8-ae7e-b3c70741e5a0,31951e0d-6daa-4980-98f2-add942d81d51,2022-05-12T20:13:56.296,2022-05-12T20:13:56.424,,1.00E+07,2.70E+07
cad6c1a2-d2ce-4bdd-b55f-47fb3778e39c,49405cc2-7464-4f49-90b0-0b87a5887159,2022-06-03T17:10:19.459,2022-06-03T17:10:19.486,,1.00E+07,1.70E+07
b0e66417-7dd1-498c-89d4-404c0bfdc0ff,02ce086e-9b38-4543-9fe6-3e76b9356254,2022-05-12T21:18:35.22,2022-05-12T21:18:35.221,,,
acaf8f0c-a6bc-4a72-b6c9-d44df5838a2d,bfcfc7d5-d827-4377-9d69-1dcd204ca7f4,2022-05-12T21:24:03.298,2022-05-12T21:24:03.299,,,
f3baf429-0de1-49c0-9dd2-f64385e27281,d412335d-4cab-42f5-bb14-1b2b2a323782,2022-05-12T21:40:48.906,2022-05-12T21:40:48.907,,,
e7ad3c61-31cd-43fb-ab52-9d7794f055af,cb1c6a8f-2d1b-4f51-a670-e394d60f0449,2022-05-12T21:41:14.158,2022-05-12T21:41:14.16,,,
b72da0fe-931d-41a1-95ea-e104fe520638,7bf683d9-f09a-4204-a51b-745047427147,2022-05-12T21:51:48.491,2022-05-12T21:51:48.493,,,
546ddb43-5db6-4837-a802-4770eed35317,3a93728d-f187-49d6-b9e2-a9258f44e380,2022-05-12T22:59:25.889,2022-05-12T22:59:25.901,,,
c5e6ff26-f191-423d-ae25-d8d8818d7620,a7eb9146-7fde-4970-ad34-be7dd835ce02,2022-05-13T20:06:51.143,2022-05-13T20:06:51.144,,,
9be74d07-20f6-4c0b-8337-b5240cb1fde0,e1fb50c8-178e-422d-ad0a-f897f36fbd3b,2022-05-16T20:07:59.557,2022-05-16T20:07:59.557,,,
193da05d-c312-4715-a100-176c166ccc3c,ef4ac2a5-ff90-47ba-961a-7118270354f6,2022-05-17T18:48:52.477,2022-05-17T18:48:52.478,,,
496748cb-fa4b-49c2-bb2f-cf7faeb8e00f,44918aef-06c5-471f-8963-4a04b4793abc,2022-05-17T19:28:43.742,2022-05-17T19:29:54.577,,5000000,1.20E+07
1610585b-dc9f-4373-913f-a79178b83319,9a0d0d51-c590-4eb9-9e08-9b63433ce154,2022-05-17T23:10:38.219,2022-05-17T23:10:38.219,,,
b9f5eecb-94bc-4768-a4d6-9e45de494900,9f519eb5-7fda-4421-9dec-8f2fb713382d,2022-05-18T16:29:04.461,2022-05-18T16:29:04.462,,,
503a4d97-097d-44de-88a9-235b91c380de,f8603cb1-10fa-4a6d-8312-6accce1c1341,2022-05-18T19:53:02.045,2022-05-18T20:45:32.604,,5000000,7000000
7c8d33d4-4127-480c-b39c-955bd8745d4c,599f7bbc-a64f-4677-972f-49c351bd011f,2022-05-24T16:12:57.033,2022-05-24T20:01:05.394,,1.00E+07,1.10E+07
1202708e-4b47-4a96-8bcb-4f0ea4e05eaa,45b1c881-f3f3-43a2-b5fd-7e87b50c0a3a,2022-05-18T23:51:56.741,2022-05-18T23:52:54.385,,5000000,1.20E+07
faddc3d3-882d-45ab-a4ba-1d38cc1a2891,1574e4f2-8890-489b-b2ca-0e05d5effd7a,2022-05-19T03:27:37.165,2022-05-19T03:27:37.188,,1.00E+07,2.70E+07
eb3e8de8-4a7d-49cc-963f-57ad2fd82f01,ddb0b8a3-8384-4224-82dc-56a98caffeb8,2022-05-19T03:29:59.206,2022-05-19T03:29:59.217,,5000000,7000000
789b6d3c-8c02-447e-bee9-15601d076933,a8b3eabf-1444-417f-b003-c3fa28ebdac7,2022-05-24T20:23:21.872,2022-05-24T20:41:23.523,,1.00E+07,1.10E+07
276cec2a-f69b-457b-a3f2-591c98b3b97d,417319a7-2361-4db0-a924-c931a396e869,2022-05-25T17:33:16.842,2022-05-25T17:33:16.851,,5000000,7000000
2cb9bc1a-d890-4aa7-a425-6575a395ed78,cd9f2557-4fc6-404a-8d24-cf2c2a84e574,2022-05-19T19:41:19.056,2022-05-19T21:04:31.613,,5000000,1.20E+07
17efd8e7-f650-4ed2-a2bf-5041cb225c85,92e88855-7285-4a85-99f8-29afa8183d62,2022-05-27T21:50:57.044,2022-05-27T21:50:57.045,,,
c090a218-26a5-4301-9a76-6a3040f4794a,398e1e44-49ed-4778-8ac1-adc3d29d9de8,2022-05-19T20:34:45.712,2022-05-19T21:29:26.201,,2000000,2000000
58b5093d-8eaf-4b7d-b621-8db84ee90d4e,c92b5e81-75d5-4824-9076-c403b98d5252,2022-05-20T14:41:49.95,2022-05-20T14:41:49.95,,,
8b6a2ec6-6cc6-4749-9620-ee25ac086a74,5d47199d-3999-40d1-85ed-6728ed16bbf4,2022-05-16T17:26:27.155,2022-05-20T17:25:56.39,,5000000,7000000
1adab35c-1a3a-4884-8171-b927ddd26eec,81a8bec3-9152-46fa-803b-2ec5b950cb49,2022-05-20T17:30:02.664,2022-05-20T17:30:02.689,,5000000,7000000
0f4c400a-f633-4be8-af8b-a59edf960980,a75afa05-b2ae-4039-aa85-4e66dc5c71f8,2022-06-03T17:33:00.881,2022-06-03T17:33:00.881,,,
7dfe5663-b71b-4063-a66b-f7499ea64de2,c99b9e44-f22f-46da-bae7-b7ad92e8fa6d,2022-05-20T17:31:12.699,2022-05-20T17:34:27.524,,1.00E+07,1.70E+07
f8c80db2-12ee-42c3-8d88-f500f98dc738,cd5d0928-7814-4717-b52d-f7d7a7fe3a97,2022-05-20T17:36:20.455,2022-05-20T19:09:24.073,,5000000,1.20E+07
4209866e-a8b1-4f6c-91b7-25c0d7d725ad,053ce57d-cbe7-498c-8b22-aca63bd4a4e4,2022-06-03T18:01:37.544,2022-06-03T18:01:37.545,,,
e62fe222-e7df-4da5-94c9-7456320c5478,5c7ee752-1f0a-41d1-8b08-89b7c8526bbd,2022-06-02T16:42:56.661,2022-06-02T16:42:56.692,,1.00E+07,1.70E+07
419691b9-3b84-4b3c-a104-199f76350580,889e0a61-f477-4dfa-a4c8-ed3b05ec24ac,2022-05-24T17:24:09.24,2022-05-24T17:49:26.952,,5000000,7000000
ee58a90d-4ee9-49a1-84cc-6baec5ac9c74,f975bce1-a482-4ccd-ba9a-8a9e3fed5444,2022-05-18T20:00:14.519,2022-05-24T18:24:42.869,,5000000,7000000
287cbcda-4e95-4c1d-9d6b-3c250f8579ad,cb2f2863-ab51-463a-bc6b-af274b7ab402,2022-05-24T18:47:12.751,2022-05-24T18:50:50.289,,5000000,7000000
be462e74-c660-4422-a19b-6b8e0871fce5,81ee741c-cd54-4d1c-8de6-71b3de7be36c,2022-06-02T17:58:55.414,2022-06-02T17:58:55.447,,1.00E+07,1.70E+07
be70ec61-750b-4138-a57d-fcf83aaab9e4,b37797c4-dc75-42de-bbf5-943c5c09fccc,2022-06-02T20:44:22.345,2022-06-02T20:44:22.383,,1.00E+07,1.70E+07
7f720db2-2932-4ccc-8115-8b4105c7f68b,859ae3ed-ced8-481a-8196-40c3c2cad240,2022-06-02T23:13:12.067,2022-06-02T23:13:12.097,,1.00E+07,1.70E+07
172cd870-95e2-4640-9a44-5c02c0e81fe1,b208c31d-c8b1-4c68-acaa-7d6adc898659,2022-06-03T01:15:49.584,2022-06-03T01:15:49.585,,,
3c7c5366-785d-4e4e-83fa-e7b73e9f2621,63ac6860-bebe-4aad-98b8-98a7d9cfe90d,2022-06-03T01:16:08.726,2022-06-03T01:16:08.727,,,
ec8439f8-8209-4307-b875-374b46d8556e,7736b94b-6bfa-4e62-bbfe-54b74580609c,2022-06-03T01:17:53.894,2022-06-03T01:17:53.895,,,
adb8956a-d4c6-4c19-aa15-0db7b74b6409,3faf63a9-f75b-43e1-9e9b-2e7e76e173cc,2022-06-03T01:19:41.441,2022-06-03T01:19:41.441,,,
4a1aacc4-e359-44d8-ae07-85cb00227b4a,5cc802a8-2007-4be2-b24a-2ff236759883,2022-06-03T02:15:34.414,2022-06-03T02:15:34.415,,,
3ccb6fb7-bd71-49b6-8671-12b00a4b765f,4e08a6d3-7efa-4ccc-b4a5-0b588243fb0c,2022-06-03T02:19:08.866,2022-06-03T02:19:08.866,,,
87158e24-06b2-403d-b9e5-b9e3380727c9,c85d0ed0-9446-4aed-b9a8-592682af2c23,2022-06-03T18:51:18.832,2022-06-03T18:51:18.833,,,
a786a69b-102d-4d86-98fb-81337c73b923,b3ebd9c0-be2e-4db0-9c6c-8d488f0e78e9,2022-06-03T15:38:09.969,2022-06-03T16:10:25.692,,5000000,6000000
013e501c-5f96-437a-941e-031fb5d398dc,7c821130-fda0-4ce0-89c9-5e44026c91cc,2022-06-03T16:11:59.891,2022-06-03T16:11:59.913,,5000000,6000000
387de7c1-68a1-44e7-805b-31040fe4b1bf,728f2644-43a1-42bb-9207-5075ab6a26ab,2022-06-03T16:36:26.213,2022-06-03T16:36:26.213,,,
c73c47c1-cc8f-4b7b-80aa-847eb7800289,360b5a5a-7d7d-4815-8c86-fc129fa967ba,2022-06-03T16:40:09.338,2022-06-03T16:40:09.338,,,
4621e723-8420-43dc-9009-b11bdd31f470,002c45fb-c764-4f8a-9e14-3e51c231e1e4,2022-06-03T18:51:18.924,2022-06-03T18:51:18.925,,,
528c495a-b868-4e21-8ece-249a89955563,9931d8d4-79ac-4995-9d81-c390dfa0aa35,2022-06-06T19:48:14.545,2022-06-06T19:48:14.547,,,
c97ca13c-003f-43b9-9813-997844ab3482,0cb57369-245b-49ce-bc1c-dd6202131804,2022-06-10T20:07:37.069,2022-06-10T20:07:37.1,,1.00E+07,4.10E+07
a20ecfc0-4441-4443-baea-eafbd1418bc3,c642b880-26ac-499c-b828-3be17b98951a,2022-05-03T19:18:38.981,2022-06-14T23:13:00.155,,1.00E+07,2.20E+07
54e7a4f8-ea57-4f30-835c-6228835b4426,325e159c-4699-478d-93e6-d31360914434,2022-06-09T15:00:52.526,2022-06-09T15:00:52.527,,,
343dc263-1bbb-4576-a897-90c76cd7dd3d,2efd90f7-30b1-4375-a971-6aec4ca41964,2022-06-06T20:05:28.805,2022-06-10T19:43:47.246,,1.00E+07,4.10E+07
3490126c-1ea0-4855-b9d0-09db68ac2e63,01b11523-ba24-4321-8a13-5e745953e2ad,2022-06-09T15:39:18.154,2022-06-09T15:43:15.323,,1.50E+07,2.60E+07
93c8b34a-b615-4ea2-9673-6818418799b6,d9ff1c0a-c149-44c8-a8bd-2e5570c6e2a9,2022-06-10T18:57:21.246,2022-06-10T18:57:21.284,,5000000,6000000
8c33f8fa-fa7b-43f3-9f71-d3d81897b2e0,4c64033f-b001-4c87-84c7-1bd21a94395c,2022-06-03T18:50:20.411,2022-06-10T16:17:56.86,,5000000,7000000
55e53fc9-db47-4158-9721-532c501afe58,d96e8f48-1210-4365-a46f-61b30a8830e9,2022-06-07T00:30:54.047,2022-06-10T17:46:42.007,,5000000,6000000
02aec95c-63ae-4f94-93a9-b652ddcfd36d,94f0060a-ff23-446e-a42d-df9779df2cd6,2022-06-09T21:38:53.568,2022-06-14T22:17:25.246,,5000000,9000000
5d42a216-af7b-41bd-8e65-a79531879d26,94bbf1f2-8a81-49a9-a329-04de6610d389,2022-06-10T20:33:44.505,2022-06-10T20:33:44.539,,1.00E+07,4.10E+07
01c2a2ef-6ac0-4bc6-84c7-cab90a7841c5,aa444e0e-364b-4659-a8d0-33557ce13dfd,2022-06-06T15:39:23.925,2022-06-10T21:48:02.491,,1.00E+07,1.20E+07
152b944c-def1-4029-bbb3-0048e2b99d77,7ac219f4-1779-49c8-adf8-c10e4cb68952,2022-06-10T21:52:01.371,2022-06-10T21:54:20.286,,5000000,1.70E+07
6889686b-b946-421b-8f8e-bc9427a1b19d,a95059e0-dd10-429e-9f6c-f27db6215953,2022-06-10T21:57:05.257,2022-06-10T21:57:59.315,,5000000,2.20E+07
9827caf3-54a0-4b6f-a4b6-b19a1b2641a6,7d737a0c-be29-406e-bc44-6b1e6432a4d1,2022-06-11T14:04:47.668,2022-06-11T14:04:47.669,,,
8f5e4466-5a3b-42db-a228-ce588ca54874,bfd048ac-043a-49cf-9d61-5517574c5ab8,2022-06-03T19:26:04.857,2022-06-13T14:45:07.662,,5000000,1.20E+07
40291c1d-636d-4ab5-94ff-ee550fc78731,cdef89dd-aad2-42f2-a056-b1c8e98dfdbc,2022-06-13T15:20:47.69,2022-06-13T15:20:47.755,,5000000,1.20E+07
f76ee7a3-a30d-4ec9-ac7a-04e6444579a5,9a85a110-150c-4125-a3e9-b60ccf912764,2022-06-13T15:32:06.678,2022-06-13T15:32:06.715,,5000000,1.20E+07
7c94b667-8276-41c1-a001-b946aba5602e,cbfcd377-d381-4b2b-abc7-4c4bea40e327,2022-06-13T15:40:21.502,2022-06-13T15:40:21.541,,5000000,1.20E+07
f37b1025-ef0d-4606-a7c0-46799416d72c,ff7a4ec5-b8df-419c-80c7-013bb3335e16,2022-06-13T15:57:22.665,2022-06-13T15:57:22.703,,5000000,1.20E+07
e04d8390-71af-4274-8035-ff8bfb49379f,62c520c6-a40f-4ce2-b99d-54fa0087bc59,2022-06-13T16:40:24.477,2022-06-13T16:40:24.525,,5000000,1.20E+07
c9711c24-a343-4f9f-b0b3-08a567f3c18c,31129d6b-b3bb-4bce-a8a0-29db6907f745,2022-06-13T17:16:43.672,2022-06-13T17:16:43.706,,5000000,1.20E+07
7fd6a88f-c36a-4329-9216-83af771f7e4a,8db6555d-77cf-4f19-8149-a5f978a71fe5,2022-06-13T17:19:57.784,2022-06-13T17:19:57.827,,5000000,1.20E+07
2f58f5af-f2d1-4504-a0cb-573c9b9b06de,10da7d4e-e65e-4f4c-8e3f-22ba68137156,2022-06-13T17:26:34.589,2022-06-13T17:34:23.244,,1.00E+07,1.20E+07
e8277978-061d-446c-b115-4570cc8fdc0e,dd63b06d-2ddf-4976-9101-7d8badaf2945,2022-06-13T17:56:26.204,2022-06-13T17:56:26.243,,5000000,1.20E+07
ed1e42ca-7d44-4110-b888-ad85c56eb939,056fa99e-671e-4deb-8b90-984819be869f,2022-06-15T14:51:06.921,2022-06-15T14:51:38.662,,2000000,2000000
6d5ffbc5-7db9-4c43-9598-9ce030fd2cb9,6437b514-22fd-4b1b-8d92-5a9e1cbef0fb,2022-06-13T18:09:29.623,2022-06-13T18:34:21.138,,5000000,1.20E+07
3c1c3fc5-364b-4beb-949c-d009201e5b1f,307985cd-9f4c-4cc1-ad68-35fc6201d5ea,2022-06-15T15:37:53.497,2022-06-15T15:37:53.517,,2000000,2000000
6a35c4ca-2ef8-4337-bc6a-e2e8bd2aad9c,5b374d29-fa48-4fe6-a67b-87fb7e0cca9a,2022-06-15T17:43:56.048,2022-06-15T17:43:56.081,,1.00E+07,1.70E+07
c1ca3ec8-0303-4332-89c4-3fb9295c460e,8e605783-6569-4802-bd5d-d6301881263a,2022-06-15T20:50:05.13,2022-06-15T20:50:05.131,,,
121b1e82-1ae5-4182-ae74-341a51f45fcd,1414d7de-dcac-4013-be46-8d7ac2f33d00,2022-06-15T20:51:31.75,2022-06-15T20:51:31.75,,,
29a48a86-e748-48bc-bd4a-ad06f048ca89,8d0f5e6b-986f-4ff9-b637-18fd7c01ae5e,2022-06-13T17:34:14.398,2022-06-13T19:43:36.519,,5000000,6000000
0698272a-1434-49f3-98e1-3a3414eb840d,eeba9d06-61e3-486c-b5ad-da2a430a6393,2022-06-13T19:57:41.532,2022-06-13T19:57:41.532,,,
24dfb89a-90a9-4469-8a6e-0bdb67658134,1b6b2cd8-9f7f-4c4a-b085-7ca85c6bbb7c,2022-06-13T21:50:31.352,2022-06-13T21:50:31.395,,5000000,1.20E+07
dfe35a7c-6e87-4542-9745-d80b266191d6,c420f056-3ec5-4e03-b3f3-d1cc79c984f8,2022-06-13T22:34:28.282,2022-06-13T22:34:28.322,,5000000,1.20E+07
0d61a603-b835-431a-9a28-e16e2426e8ea,c8d7990e-c8b7-432b-b3b0-22227ba3bd94,2022-06-15T21:34:15.642,2022-06-15T21:34:15.667,,2000000,2000000
118811e8-a889-4ca4-8a31-079d112b57c6,a35f0d7a-a4dd-4d26-aff6-f62937f8853f,2022-06-14T15:02:09.771,2022-06-14T15:02:09.772,,,
681bb517-0b57-451f-b583-b756bfc22813,4425ba83-6be9-4632-b521-4dc46a76a393,2022-06-14T19:25:34.955,2022-06-15T22:30:49.487,,1.50E+07,6.70E+07
74c9d664-3e46-4890-b932-475755f3b476,a00aae79-4669-4e86-a930-092279d7c737,2022-06-16T00:11:09.133,2022-06-16T00:29:31.68,,5000000,1.20E+07
71b5d95b-c880-4d92-bb60-2f6c958d4bd6,aff04acf-44da-4e07-8bb7-d8c0b19b21da,2022-06-13T20:06:39.514,2022-06-16T03:45:48.619,,5000000,1.20E+07
8dc5bd08-bb0c-4fde-a7a1-10697a2e99d8,ba172566-49ef-4c1b-8002-583e7829932b,2022-06-13T21:14:19.976,2022-06-14T21:30:51.073,,2000000,2000000
4466e957-803b-4e39-82bf-6d2e7d2f4a86,d28ab522-086c-49ee-8928-b1d34ae74923,2022-06-16T03:45:58.381,2022-06-16T03:47:01.57,,5000000,1.20E+07
fed8442b-6a58-476a-8352-2ad27bb722df,bb52031c-a878-4272-ad50-73b0e0c16905,2022-06-15T00:22:13.225,2022-06-15T00:22:13.252,,1.00E+07,1.20E+07
c698fd0c-fa3d-4848-b26f-04418cdec76b,c389ca44-a44d-4809-a1e7-2268d039b059,2022-06-15T00:23:32.253,2022-06-15T00:23:32.272,,1.00E+07,1.20E+07
e61a4d11-694c-477c-86e5-ff46424905df,d58005ed-8bf3-4558-8c6b-dea507a77b4f,2022-06-15T00:25:44.79,2022-06-15T00:25:44.821,,1.00E+07,1.20E+07
ece262d7-f7d8-4b6f-b257-ac0535940b72,79ad1425-b94e-4844-9df8-e76999fd35cd,2022-06-15T00:31:16.497,2022-06-15T00:31:16.525,,1.00E+07,1.20E+07
75864738-a39c-43be-b367-5cb851e3bd5a,54ec6792-2aed-4807-a025-50696e84b284,2022-06-15T00:32:07.864,2022-06-15T00:32:07.907,,1.00E+07,1.20E+07
f7e82869-518f-4fed-b10e-2ddeed7d0cec,79db7c13-8713-46cf-846a-efbc51e351e4,2022-06-14T23:25:26.47,2022-06-15T03:07:08.391,,1.00E+07,1.20E+07
93cac0c6-f437-4387-ab20-ffbc2297209d,7f330b87-6b2a-4d61-8548-23dded6a1d63,2022-06-15T14:46:50.671,2022-06-15T14:46:50.691,,1.00E+07,1.20E+07
bfc9c9ee-d478-4934-bc4f-d4f98a818620,52cb877c-3176-4168-adb1-8b8e627bcf98,2022-06-14T22:45:13.71,2022-06-15T14:49:20.429,,2000000,2000000