id,status,version,createdAt,completedAt,updatedAt,deletedAt,quoteId
8075e246-54e8-4a0f-a6de-922aee95ada8,IN_PROGRESS,1,2022-02-28T16:19:56.957,,2022-02-28T16:19:56.958,,62723e36-5d97-47d7-a762-3e913194b1c7
936d29c1-3e16-43c0-a57b-606112274251,IN_PROGRESS,1,2022-02-28T16:56:58.128,,2022-02-28T16:56:58.128,,763b7b43-529c-4ab1-8839-f85922093a5d
85aba350-cb45-4022-b393-e7e1fff9d8c8,IN_PROGRESS,1,2022-02-28T18:47:59.18,,2022-02-28T18:47:59.181,,5aa538c7-685d-4ad0-9cb5-afd5ad65fdea
34002c42-c026-4e38-bfbf-c406afa0d4b8,IN_PROGRESS,1,2022-02-28T21:56:01.697,,2022-02-28T21:56:01.698,,c4e87309-4d59-4875-b7ea-3a93da50a1cd
daa541e2-772b-44e0-a1f2-0b1aa91a58f7,COMPLETED,1,2022-02-28T18:32:49.801,2022-02-28T23:09:26.548,2022-02-28T23:09:26.551,,12cc76ce-dc8f-45c1-ad49-b7486cb5e330
c66177ea-2d1d-4d5a-acfa-77df3e39b22a,IN_PROGRESS,1,2022-03-01T00:10:06.96,,2022-03-01T00:10:06.961,,f7d2cff1-b247-48f9-8242-8269e5b40368
8aea89cb-98ee-49b0-a09a-980df405c8e9,COMPLETED,2,2022-02-28T23:16:38.595,2022-03-01T00:17:56.369,2022-03-01T00:17:56.372,,12cc76ce-dc8f-45c1-ad49-b7486cb5e330
717b71ce-d33c-42a5-8ca5-96af1d20b787,COMPLETED,3,2022-03-01T00:18:56.917,2022-03-01T00:19:17.559,2022-03-01T00:19:17.563,,12cc76ce-dc8f-45c1-ad49-b7486cb5e330
e43a8b29-badb-4a78-9641-68d4271081b2,IN_PROGRESS,1,2022-03-01T00:29:24.614,,2022-03-01T00:29:24.615,,ea66a00b-c851-487d-975b-6b6a94b5b789
3b2f9416-f133-41c6-b67e-a74a30d860f5,IN_PROGRESS,1,2022-03-01T03:23:28.52,,2022-03-01T03:23:28.52,,2f03b021-f885-4556-987e-b29d5050fdd9
a76b7735-55f4-4e58-99d2-c723f43cd77a,IN_PROGRESS,1,2022-03-01T16:34:10.054,,2022-03-01T16:34:10.055,,0b168288-279c-4537-a3a4-a3e5e706981e
a41478d1-57eb-43a2-9cb7-056bf80f01b7,IN_PROGRESS,1,2022-03-01T18:06:25.404,,2022-03-01T18:06:25.405,,c1af5b09-dd3b-49bb-9f90-2ca954db0540
bb6fb940-6a24-4836-8766-ccd9235a364c,IN_PROGRESS,1,2022-03-01T18:23:17.09,,2022-03-01T18:23:17.091,,9c81fc7e-4867-44ae-beb3-3d15e559aaf5
9188f7c5-4ceb-4948-8eb7-602e2bc09279,IN_PROGRESS,1,2022-03-01T19:23:19.709,,2022-03-01T19:23:19.71,,8b19476f-c19e-4ea5-83eb-94d9f92f0976
bcd7f0be-6f8a-4aaf-99fb-0af8fca5ff6b,IN_PROGRESS,1,2022-03-01T19:25:02.939,,2022-03-01T19:25:02.939,,d2a659a6-570f-4afc-ac0c-aa7fbe1c727f
f138fee7-d9ac-4f12-97c5-4b0f8ea469a6,IN_PROGRESS,1,2022-03-01T21:07:56.626,,2022-03-01T21:07:56.627,,461569fc-454b-418d-b102-2650b19a19e4
675f20a7-ce1a-455a-b055-01a0ad19a39a,IN_PROGRESS,1,2022-03-01T21:25:10.489,,2022-03-01T21:25:10.489,,22d4ecd6-b0c6-4429-8e26-6dca035b8a6c
4b9a672e-e79e-4951-a693-e74cd4deffc0,IN_PROGRESS,1,2022-03-01T22:25:59.442,,2022-03-01T22:25:59.443,,26001607-2b6c-4ebd-b227-a43c6abcb70c
b82286c8-bb33-4dc5-832d-2464cb1f4974,IN_PROGRESS,1,2022-03-01T22:32:54.534,,2022-03-01T22:32:54.535,,5ca3a833-81eb-48a9-b03a-561accc3cc5e
9e7bc375-43eb-4802-a70c-c817f46a7f9c,IN_PROGRESS,2,2022-03-01T22:43:50.426,,2022-03-01T22:43:50.427,,5ca3a833-81eb-48a9-b03a-561accc3cc5e
d53036a7-3d62-4bd7-86d3-3d9477900396,IN_PROGRESS,1,2022-03-02T01:42:15.418,,2022-03-02T01:42:15.418,,babfaa0b-a3d0-4656-9e0b-11607c9fbb16
66202564-6bea-432c-ae8d-4492c5216ef8,COMPLETED,1,2022-03-02T02:25:36.967,2022-03-02T04:13:41.62,2022-03-02T04:13:41.63,,b1e55b03-8e3a-42f3-813d-a2ccf379e199
344fd2dc-f296-4fe6-b2ae-127df5929184,COMPLETED,2,2022-03-02T04:15:35.107,2022-03-02T04:19:00.56,2022-03-02T04:19:00.564,,b1e55b03-8e3a-42f3-813d-a2ccf379e199
6434e792-8a1b-448a-999e-1793ff34f004,COMPLETED,3,2022-03-02T04:19:56.11,2022-03-02T04:20:56.02,2022-03-02T04:20:56.023,,b1e55b03-8e3a-42f3-813d-a2ccf379e199
f5bbaea3-48b9-4aa1-a5c6-e78eec9b8ee1,COMPLETED,4,2022-03-02T04:21:30.329,2022-03-02T04:21:58.379,2022-03-02T04:21:58.383,,b1e55b03-8e3a-42f3-813d-a2ccf379e199
5f3a7867-948a-4512-acdb-1ad2a7c404e6,IN_PROGRESS,1,2022-03-02T14:08:17.497,,2022-03-02T14:08:17.497,,4dd8953e-8727-4c93-bb6f-c5cc04ba9f1b
3163da21-3cf4-4f0a-a115-0967b7e10f4c,COMPLETED,5,2022-03-02T04:46:17.756,2022-03-02T18:03:17.524,2022-03-02T18:03:17.529,,b1e55b03-8e3a-42f3-813d-a2ccf379e199
bc0cca05-860f-4eb8-a119-f52a0fc43fcd,COMPLETED,6,2022-03-02T18:04:06.578,2022-03-02T18:04:08.381,2022-03-02T18:04:08.384,,b1e55b03-8e3a-42f3-813d-a2ccf379e199
1b8ef20e-1906-42ff-9c3a-225222a3cb93,IN_PROGRESS,1,2022-03-02T18:45:32.926,,2022-03-02T18:45:32.926,,2df1c27a-afaf-435f-8904-f54aa4f0ba54
3d51e1f6-c43c-4aab-8862-3f786081ffb2,IN_PROGRESS,1,2022-03-02T22:38:43.924,,2022-03-02T22:38:43.925,,d0c2702f-2497-4f81-bbac-ecefd908e38b
c619c9d1-be40-4972-8f0d-a0458bf5d84d,IN_PROGRESS,1,2022-03-03T21:50:48.949,,2022-03-03T21:50:48.952,,c4500652-310c-4a85-a299-45d27ca1f881
f569b85b-d708-4113-a475-e6988ef5f0a7,IN_PROGRESS,1,2022-03-03T22:01:51.707,,2022-03-03T22:01:51.707,,02c81ddd-8f3b-413e-a26a-4bf127b4cf29
6083755d-acf1-4632-897e-660aeda80266,IN_PROGRESS,1,2022-03-03T23:17:53.025,,2022-03-03T23:17:53.025,,8f3180f1-4cd3-4f36-9a9d-9b4f1b630bdd
17209ebf-1ee0-41c0-b21e-eb3601f0fc23,IN_PROGRESS,1,2022-03-04T00:12:48.183,,2022-03-04T00:12:48.184,,3295677c-5fa7-4320-9d2e-c6b66b5a7ff9
a6e34ec3-06cd-46b6-8beb-39f0161215d9,COMPLETED,1,2022-03-03T23:27:57.022,2022-03-04T00:15:30.343,2022-03-04T00:15:30.349,,3962dd26-026c-45bf-9544-1d4bc262a374
cd00a44d-b296-4388-a962-ce86a8a6a54b,COMPLETED,2,2022-03-04T00:18:49.316,2022-03-04T00:51:58.432,2022-03-04T00:51:58.435,,3962dd26-026c-45bf-9544-1d4bc262a374
42065301-e7ad-45ca-8cc2-5abe0098d208,COMPLETED,3,2022-03-04T01:20:48.878,2022-03-04T01:23:32.308,2022-03-04T01:23:32.312,,3962dd26-026c-45bf-9544-1d4bc262a374
68dd7124-1eb1-4872-849c-03188799bd34,COMPLETED,4,2022-03-04T19:35:06.382,2022-03-04T19:36:36.783,2022-03-04T19:36:36.788,,3962dd26-026c-45bf-9544-1d4bc262a374
f45404b9-94db-4873-81b2-8daa1349f64e,COMPLETED,5,2022-03-04T20:23:11.785,2022-03-04T20:23:18.636,2022-03-04T20:23:18.641,,3962dd26-026c-45bf-9544-1d4bc262a374
f6e15230-197a-4f62-9b37-b346b1d5e581,IN_PROGRESS,1,2022-03-04T22:53:35.081,,2022-03-04T22:53:35.082,,9316c444-88ac-445d-be6a-269ed4451d2d
00c3e57b-f994-460d-a0a9-d210e0270128,COMPLETED,6,2022-03-04T22:55:55.801,2022-03-04T23:17:09.02,2022-03-04T23:17:09.026,,3962dd26-026c-45bf-9544-1d4bc262a374
960e6f2c-0fde-48a5-85b4-b2727c1c5616,IN_PROGRESS,1,2022-03-05T01:03:27.65,,2022-03-05T01:03:27.651,,d3ad1440-1412-442a-a523-9b796e36d256
8ab5fbe6-7b54-4448-853b-e9f0cf012a70,IN_PROGRESS,1,2022-03-07T22:54:01.61,,2022-03-07T22:54:01.611,,3a1f1cb9-eca8-4463-aa5a-47871916e946
97ae022c-65dd-44c2-bb4a-f0c8a73cc8e7,IN_PROGRESS,1,2022-03-08T16:53:07.982,,2022-03-08T16:53:07.982,,bcff166a-c6bd-4a56-963d-b37a561e5dfb
0fbe3d33-059d-4665-b62c-27c11775b749,IN_PROGRESS,1,2022-03-08T22:38:20.524,,2022-03-08T22:38:20.541,,afc2d006-074d-412c-8dfa-10f946fbaeaf
3317be40-4843-42b6-b5b7-ab6c5acc61da,COMPLETED,1,2022-03-08T22:27:36.664,2022-03-09T00:37:55.544,2022-03-09T00:37:55.549,,41adb354-5477-4066-b3ac-50a121c261a6
62d58f28-40ce-4f5a-acfb-29fc4f606c4d,COMPLETED,2,2022-03-09T00:39:59.24,2022-03-09T01:24:08.853,2022-03-09T01:24:08.857,,41adb354-5477-4066-b3ac-50a121c261a6
d4fc5d9f-2513-4841-b351-7560035f7b31,COMPLETED,3,2022-03-09T01:24:18.623,2022-03-09T01:28:17.89,2022-03-09T01:28:17.894,,41adb354-5477-4066-b3ac-50a121c261a6
83e08bec-0365-4034-a795-d835c0e5be04,IN_PROGRESS,1,2022-03-09T04:06:27.06,,2022-03-09T04:06:27.06,,5d8fd6c2-63f6-4c22-a4a3-085b0e6841b2
dea4efbc-7812-46e0-b1a6-b752427ce78f,COMPLETED,4,2022-03-09T02:01:02.016,2022-03-09T16:10:39.068,2022-03-09T16:10:39.088,,41adb354-5477-4066-b3ac-50a121c261a6
601b395c-d7b6-444a-978d-b4921a3164de,COMPLETED,1,2022-03-02T19:37:50.619,2022-03-09T17:28:48.778,2022-03-09T17:28:48.782,,1f95a0dc-ee5c-4df3-90e8-dc8f85304a42
53194b42-aa07-48a8-91d8-30a2c31588c6,COMPLETED,2,2022-03-09T17:32:44.708,2022-03-09T17:32:46.716,2022-03-09T17:32:46.722,,1f95a0dc-ee5c-4df3-90e8-dc8f85304a42
c7da347c-8dc3-41ed-b82f-7e2714d7f440,COMPLETED,5,2022-03-09T18:35:18.477,2022-03-09T18:45:00.633,2022-03-09T18:45:00.636,,41adb354-5477-4066-b3ac-50a121c261a6
41d70546-147f-471d-9053-e88d5fd45e46,COMPLETED,6,2022-03-09T19:03:22.713,2022-03-09T19:07:33.89,2022-03-09T19:07:33.897,,41adb354-5477-4066-b3ac-50a121c261a6
85c2c71e-b246-4516-b95d-e571874646b0,COMPLETED,3,2022-03-09T19:34:58.505,2022-03-09T19:36:17.206,2022-03-09T19:36:17.215,,1f95a0dc-ee5c-4df3-90e8-dc8f85304a42
a80d8e3c-035d-4fd1-aa3f-1626944405f5,COMPLETED,1,2022-03-09T19:56:24.263,2022-03-09T20:29:55.887,2022-03-09T20:29:55.892,,79f33b02-e678-4ebe-9ec1-02525a733210
a5aadaf0-bada-44da-b21a-7a283e4fb25c,COMPLETED,7,2022-03-09T21:51:41.706,2022-03-09T21:58:55.832,2022-03-09T21:58:55.838,,41adb354-5477-4066-b3ac-50a121c261a6
57001e5c-e92f-4735-a7ba-41bec5d05489,COMPLETED,2,2022-03-09T21:25:15.89,2022-03-09T22:32:12.49,2022-03-09T22:32:12.495,,79f33b02-e678-4ebe-9ec1-02525a733210
ae7d4a37-44c0-48b6-b49c-78ed5a4ddc42,IN_PROGRESS,1,2022-03-09T22:46:01.583,,2022-03-09T22:46:01.584,,bb13983f-9119-4f2a-889a-aadb2ccbf033
aee1640b-2d65-4396-a1c0-7e242a2df6f2,COMPLETED,4,2022-03-09T19:37:42.297,2022-03-09T23:53:26.921,2022-03-09T23:53:26.924,,1f95a0dc-ee5c-4df3-90e8-dc8f85304a42
a50d9be2-bd1a-414f-86f2-9220c8243367,COMPLETED,8,2022-03-09T22:00:17.34,2022-03-10T00:31:46.447,2022-03-10T00:31:46.451,,41adb354-5477-4066-b3ac-50a121c261a6
a685343c-dd20-40eb-99de-834b0d0f5720,COMPLETED,9,2022-03-10T01:07:10.899,2022-03-10T01:07:13.072,2022-03-10T01:07:13.076,,41adb354-5477-4066-b3ac-50a121c261a6
b5aae6fb-19b9-4bbe-8cd8-516fe55dbc66,COMPLETED,3,2022-03-09T22:38:45.604,2022-03-10T01:29:11.082,2022-03-10T01:29:11.087,,79f33b02-e678-4ebe-9ec1-02525a733210
493b3c19-a423-48e0-87e8-8dee6bf37f9c,COMPLETED,5,2022-03-09T23:53:57.829,2022-03-10T02:45:18.258,2022-03-10T02:45:18.261,,1f95a0dc-ee5c-4df3-90e8-dc8f85304a42
9c0b3ed2-2ab7-4953-bb3e-219284ae6bfe,COMPLETED,6,2022-03-10T02:45:59.204,2022-03-10T03:07:10.727,2022-03-10T03:07:10.732,,1f95a0dc-ee5c-4df3-90e8-dc8f85304a42
1491d50d-7175-4434-8d77-7ff13cb05bff,COMPLETED,7,2022-03-10T05:04:01.933,2022-03-10T05:25:32.04,2022-03-10T05:25:32.043,,1f95a0dc-ee5c-4df3-90e8-dc8f85304a42
7882f025-8648-4c21-bbdb-5a5542065765,COMPLETED,1,2022-03-10T13:18:39.985,2022-03-10T13:36:24.053,2022-03-10T13:36:24.059,,b409e8f1-765d-45ff-89b1-418008c2a2d6
921ec942-ce92-487e-bd7a-705449edfee7,COMPLETED,2,2022-03-10T13:40:35.799,2022-03-10T14:26:00.136,2022-03-10T14:26:00.14,,b409e8f1-765d-45ff-89b1-418008c2a2d6
5915fe5e-c8a1-4c45-a198-6b878a553e24,IN_PROGRESS,1,2022-03-10T15:55:11.007,,2022-03-10T15:55:11.008,,9aec585c-2b9d-47b4-b246-71d096fffe63
fd35da9e-3801-4cc8-8a02-3c3df0fd6e17,IN_PROGRESS,1,2022-03-10T19:02:21.395,,2022-03-10T19:02:21.396,,d7223ce6-808a-4385-86a7-b67e805a4dd6
3cc2c587-a05b-474b-aac1-713784e8c2c1,COMPLETED,10,2022-03-10T21:07:17.824,2022-03-10T21:11:57.424,2022-03-10T21:11:57.429,,41adb354-5477-4066-b3ac-50a121c261a6
a5341c9b-a666-49d5-bd97-47f155febccf,COMPLETED,11,2022-03-10T21:12:56.65,2022-03-10T21:13:54.516,2022-03-10T21:13:54.52,,41adb354-5477-4066-b3ac-50a121c261a6
d56bee42-0480-4952-a09e-16ad63d68709,COMPLETED,3,2022-03-10T14:34:55.135,2022-03-10T21:57:21.345,2022-03-10T21:57:21.348,,b409e8f1-765d-45ff-89b1-418008c2a2d6
6312b183-9e49-4168-b547-b53af0a0ad0d,COMPLETED,4,2022-03-10T21:58:05.167,2022-03-10T22:04:00.859,2022-03-10T22:04:00.863,,b409e8f1-765d-45ff-89b1-418008c2a2d6
b92e28da-050a-4695-ba9f-ecf0d9a57d2d,COMPLETED,1,2022-03-03T16:07:20.965,2022-03-11T04:48:39.464,2022-03-11T04:48:39.468,,efec3405-1839-429c-823c-ab9b2db3bf00
b1ee64db-4070-4e8a-bb6b-1aafb41e0b89,COMPLETED,4,2022-03-11T05:01:00.001,2022-03-11T05:03:34.207,2022-03-11T05:03:34.213,,79f33b02-e678-4ebe-9ec1-02525a733210
fe774080-2c62-44c0-a5c8-2cd3f5ec6778,COMPLETED,5,2022-03-11T05:13:42.051,2022-03-11T05:14:00.191,2022-03-11T05:14:00.195,,79f33b02-e678-4ebe-9ec1-02525a733210
d0d6de2c-605e-4f8f-8740-0859af0fb938,COMPLETED,5,2022-03-11T20:17:55.762,2022-03-11T20:55:49.048,2022-03-11T20:55:49.053,,b409e8f1-765d-45ff-89b1-418008c2a2d6
e890e379-08fc-4b56-9850-8789afda84df,COMPLETED,6,2022-03-11T20:59:35.218,2022-03-11T21:00:56.869,2022-03-11T21:00:56.872,,b409e8f1-765d-45ff-89b1-418008c2a2d6
0b4fb5c1-0f09-4403-90a2-996048c65675,COMPLETED,7,2022-03-11T21:12:29.74,2022-03-11T21:13:49.249,2022-03-11T21:13:49.252,,b409e8f1-765d-45ff-89b1-418008c2a2d6
f441a98b-142f-4fb6-bafd-0098b93c6150,IN_PROGRESS,1,2022-03-14T13:55:06.591,,2022-03-14T13:55:06.591,,108170fb-669d-4ebb-a74e-dcdd9e15f228
a2d452cb-4b83-471c-9b3e-933544a77a1a,IN_PROGRESS,1,2022-03-14T14:03:29.027,,2022-03-14T14:03:29.027,,e567fc81-edf5-4e34-9d1d-8c0a5c5d8147
a15b52b9-c106-48ee-89c0-fea0b4ea4e03,IN_PROGRESS,1,2022-03-14T15:10:00.235,,2022-03-14T15:10:00.236,,49316d00-9d1e-49bc-962f-b833fc5d6c8c
b1d11fe9-8bd9-418c-aae6-5a9791b8c784,COMPLETED,1,2022-03-02T17:00:17.601,2022-03-14T15:16:29.91,2022-03-14T15:16:29.917,,0b18a7a3-8d9e-4913-aa84-1e931d89ef97
f084eeb5-7018-4ff6-8d21-0cefce594479,COMPLETED,2,2022-03-14T15:19:01.505,2022-03-14T15:20:43.829,2022-03-14T15:20:43.834,,0b18a7a3-8d9e-4913-aa84-1e931d89ef97
2c815f08-f628-4ef1-92ff-def93dcd3a20,COMPLETED,3,2022-03-14T16:33:29.397,2022-03-14T16:33:32.487,2022-03-14T16:33:32.491,,0b18a7a3-8d9e-4913-aa84-1e931d89ef97
6f16cb53-7612-4218-8cd5-536cadba7d7f,COMPLETED,4,2022-03-14T17:03:54.821,2022-03-14T22:45:46.986,2022-03-14T22:45:46.992,,0b18a7a3-8d9e-4913-aa84-1e931d89ef97
7bbb478c-5ffd-437b-b8e6-54204bf331fa,IN_PROGRESS,1,2022-04-14T23:36:10.833,,2022-04-14T23:36:10.834,,b929253a-11ea-479c-afe8-07e93e8edb3c
c2a57177-ad8b-4834-8476-39755704e5f0,IN_PROGRESS,1,2022-04-14T23:39:34.333,,2022-04-14T23:39:34.333,,21833d65-e7ae-421a-95d6-c7bc50a943ea
c6a32fa3-469b-4ae9-ae21-b0298a893aaf,COMPLETED,5,2022-03-14T22:47:07.387,2022-03-14T22:47:28.394,2022-03-14T22:47:28.398,,0b18a7a3-8d9e-4913-aa84-1e931d89ef97
f99c42c0-72bd-4f8e-ac1a-dfcdc3a9c86e,COMPLETED,6,2022-03-14T23:39:50.59,2022-03-14T23:54:24.362,2022-03-14T23:54:24.365,,0b18a7a3-8d9e-4913-aa84-1e931d89ef97
d1373938-0f57-4105-8aec-30d83c77ba4f,COMPLETED,7,2022-03-15T05:14:46.601,2022-03-15T05:16:06.515,2022-03-15T05:16:06.52,,0b18a7a3-8d9e-4913-aa84-1e931d89ef97
7c3aed7c-6d1c-40e5-bdde-595c6b410f4b,IN_PROGRESS,1,2022-03-15T05:31:34.813,,2022-03-15T05:31:34.814,,58913a48-e32f-42f8-b322-46713c0679ff
65249b0a-e271-41c6-acdc-f8a5efc2fff4,COMPLETED,8,2022-03-15T20:17:15.833,2022-03-15T20:18:52.216,2022-03-15T20:18:52.221,,b409e8f1-765d-45ff-89b1-418008c2a2d6
ed5b9c4d-14ef-4e1b-9e10-4fd736012e33,IN_PROGRESS,1,2022-03-15T21:53:45.595,,2022-03-15T21:53:45.596,,3c04d629-aba9-4500-bd6f-10df56a3f71f
718fef1b-288a-4b74-924e-4735db46e6ed,COMPLETED,12,2022-03-15T22:06:23.877,2022-03-15T22:10:07.121,2022-03-15T22:10:07.128,,41adb354-5477-4066-b3ac-50a121c261a6
92d5cf26-beaa-4078-825b-bba92226c0ca,IN_PROGRESS,1,2022-03-15T23:02:40.929,,2022-03-15T23:02:40.93,,8cec75ef-c6dd-4681-afd4-971ea79c5a00
4e7e0b18-e5e3-48e6-9b53-c7b36383121c,IN_PROGRESS,1,2022-03-30T03:04:59.808,,2022-03-30T03:04:59.809,,3c8e1d3f-852e-40c0-8799-a00685485bee
b49ce0b7-00d2-4f00-999e-8d937fdef873,COMPLETED,13,2022-03-16T13:51:58.471,2022-03-16T13:52:20.735,2022-03-16T13:52:20.738,,41adb354-5477-4066-b3ac-50a121c261a6
f6f3bd9c-97a3-4864-8d2d-bb4537d76861,COMPLETED,1,2022-03-01T22:22:44.657,2022-03-17T15:30:51.773,2022-03-17T15:30:51.776,,1c0eef8c-7af8-426d-806f-c236dde5872f
4a9f291d-2788-4d2c-b52b-6e1d58d59155,COMPLETED,2,2022-03-17T16:32:12.284,2022-03-17T16:40:53.716,2022-03-17T16:40:53.72,,1c0eef8c-7af8-426d-806f-c236dde5872f
d7175c14-12a7-4418-af8d-210a78d5e6e7,COMPLETED,3,2022-03-17T17:43:09.184,2022-03-17T17:55:04.275,2022-03-17T17:55:04.284,,1c0eef8c-7af8-426d-806f-c236dde5872f
94c59a6c-e74d-48d4-8f40-c84465297e7a,COMPLETED,14,2022-03-17T20:22:35.697,2022-03-17T20:25:04.136,2022-03-17T20:25:04.141,,41adb354-5477-4066-b3ac-50a121c261a6
25c6a3b1-eafb-4a87-a074-5dbc495f68c9,COMPLETED,4,2022-03-17T21:04:10.036,2022-03-17T21:06:56.982,2022-03-17T21:06:56.986,,1c0eef8c-7af8-426d-806f-c236dde5872f
616fc38e-30b8-4254-90fd-3281e5e6c49d,COMPLETED,5,2022-03-17T21:09:30.502,2022-03-17T21:09:35.604,2022-03-17T21:09:35.607,,1c0eef8c-7af8-426d-806f-c236dde5872f
a654208f-8321-4a20-893c-61b1087c6dc7,COMPLETED,6,2022-03-17T21:15:44.971,2022-03-17T21:15:46.939,2022-03-17T21:15:46.943,,1c0eef8c-7af8-426d-806f-c236dde5872f
a535c400-32dd-4bc4-85fa-ae3eb0a7bedf,IN_PROGRESS,1,2022-03-17T23:31:23.074,,2022-03-17T23:31:23.075,,2e3688bf-f01b-4a30-9f4e-739cf0456ec3
54dedfa9-bf87-4e56-a8ba-8f64e609fb56,IN_PROGRESS,1,2022-03-18T19:03:04.156,,2022-03-18T19:03:04.194,,3b749691-9d95-4883-b616-370f16a34dc1
2118adaf-2c8b-4064-a888-53d0eeaaccbd,COMPLETED,8,2022-03-18T19:49:56.497,2022-03-18T19:50:55.556,2022-03-18T19:50:55.561,,0b18a7a3-8d9e-4913-aa84-1e931d89ef97
0179fddf-e504-4bb1-b060-16aef62561cc,IN_PROGRESS,1,2022-03-18T20:52:46.598,,2022-03-18T20:52:46.598,,eb841bbc-b164-4c6a-aaec-83726b0dcc90
14b41082-9747-4971-83ef-baa1fc345274,COMPLETED,9,2022-03-18T19:59:26.152,2022-03-21T16:14:35.987,2022-03-21T16:14:35.991,,0b18a7a3-8d9e-4913-aa84-1e931d89ef97
e4161249-0858-476d-88a2-fbea0e9d3a08,COMPLETED,10,2022-03-21T16:18:29,2022-03-21T16:21:28.981,2022-03-21T16:21:28.986,,0b18a7a3-8d9e-4913-aa84-1e931d89ef97
b6011034-877f-4394-8500-b05616fb7324,COMPLETED,11,2022-03-21T16:26:02.568,2022-03-21T16:26:30.111,2022-03-21T16:26:30.117,,0b18a7a3-8d9e-4913-aa84-1e931d89ef97
66da6ad1-4ffb-423d-9d41-a52948488d38,COMPLETED,7,2022-03-21T16:39:35.129,2022-03-21T16:39:56.749,2022-03-21T16:39:56.753,,1c0eef8c-7af8-426d-806f-c236dde5872f
c35e100e-37ce-4848-9e4d-f2fe67334bfc,COMPLETED,8,2022-03-21T17:11:37.94,2022-03-21T17:11:43.339,2022-03-21T17:11:43.343,,1c0eef8c-7af8-426d-806f-c236dde5872f
183787b8-70a4-4a17-8686-f37ebf61a3f9,COMPLETED,9,2022-03-21T17:12:12.179,2022-03-21T17:13:31.788,2022-03-21T17:13:31.802,,1c0eef8c-7af8-426d-806f-c236dde5872f
c569173b-7485-4c49-8fef-2e31047c4ad2,COMPLETED,10,2022-03-21T17:13:46.927,2022-03-21T17:14:43.107,2022-03-21T17:14:43.116,,1c0eef8c-7af8-426d-806f-c236dde5872f
f0c11691-704f-40fb-b87c-791d0cc6f51d,IN_PROGRESS,1,2022-03-21T17:28:09.457,,2022-03-21T17:28:09.458,,ca6158a8-83fe-4b3d-9347-e41c5b8d8ed5
f5446749-112f-41db-b29b-b528b7b1212a,COMPLETED,11,2022-03-21T17:16:36.48,2022-03-21T17:31:52.66,2022-03-21T17:31:52.665,,1c0eef8c-7af8-426d-806f-c236dde5872f
1e447be6-983f-4d5e-b813-5b35c9e551db,COMPLETED,12,2022-03-21T17:34:11.671,2022-03-21T17:34:26.588,2022-03-21T17:34:26.592,,1c0eef8c-7af8-426d-806f-c236dde5872f
2c0e25b9-43c1-4856-85c2-1b744f3074f5,COMPLETED,13,2022-03-21T17:34:38.427,2022-03-21T17:46:42.673,2022-03-21T17:46:42.676,,1c0eef8c-7af8-426d-806f-c236dde5872f
418a8947-2694-4ea3-bc27-0aa7fee38581,COMPLETED,12,2022-03-21T17:56:57.91,2022-03-21T17:57:01.556,2022-03-21T17:57:01.561,,0b18a7a3-8d9e-4913-aa84-1e931d89ef97
9a40af61-e8a0-49ab-b8a9-43e51eaa3e36,COMPLETED,13,2022-03-21T17:59:15.382,2022-03-21T17:59:19.726,2022-03-21T17:59:19.729,,0b18a7a3-8d9e-4913-aa84-1e931d89ef97
51327bf9-8a66-40fd-91e1-996c056e4001,IN_PROGRESS,1,2022-03-21T20:27:15.979,,2022-03-21T20:27:15.98,,01970db9-2d49-4207-a03b-bca209e2b75b
604c24b0-edb9-4eff-87c2-80f8dc5faa01,COMPLETED,14,2022-03-21T22:41:34.334,2022-03-21T22:42:20.488,2022-03-21T22:42:20.493,,0b18a7a3-8d9e-4913-aa84-1e931d89ef97
804c52e8-b933-4453-8884-c95ceb4a0e44,IN_PROGRESS,1,2022-03-22T17:11:52.388,,2022-03-22T17:11:52.39,,adfaf194-7353-47e9-a299-ab3801698cfc
233b5865-396f-4961-ae4b-fa2610b9e9e2,IN_PROGRESS,1,2022-03-30T03:36:51.817,,2022-03-30T03:36:51.817,,c39f24cd-3ae2-4df2-8bf7-f88055e3175c
4d5217bd-eb62-4dd4-80c6-5fb8d4e9977c,COMPLETED,15,2022-03-29T16:40:11.935,2022-03-29T16:43:45.805,2022-03-29T16:43:45.81,,0b18a7a3-8d9e-4913-aa84-1e931d89ef97
4938ede9-4bb5-41b4-b34b-3dfa7194c512,COMPLETED,1,2022-03-17T14:56:00.912,2022-03-23T19:02:06.621,2022-03-23T19:02:06.624,,e6203b94-7071-48c5-a34e-c8e8f9dad49c
33deffeb-f3fd-4bad-bd63-9ebfa9cb261b,COMPLETED,2,2022-03-23T19:04:21.21,2022-03-23T19:09:36.617,2022-03-23T19:09:36.621,,e6203b94-7071-48c5-a34e-c8e8f9dad49c
aacabae0-e14d-496b-8827-2b84e1cfd940,COMPLETED,3,2022-03-23T19:11:00.561,2022-03-23T19:13:39.321,2022-03-23T19:13:39.325,,e6203b94-7071-48c5-a34e-c8e8f9dad49c
f0a6ec24-f2b2-4031-8718-5306466435ea,COMPLETED,14,2022-03-23T19:23:01.646,2022-03-23T19:25:46.251,2022-03-23T19:25:46.254,,1c0eef8c-7af8-426d-806f-c236dde5872f
5fcc392b-eab4-413c-a383-2a63b89f8016,COMPLETED,15,2022-03-23T19:27:34.173,2022-03-23T19:28:10.61,2022-03-23T19:28:10.615,,1c0eef8c-7af8-426d-806f-c236dde5872f
7301682b-612b-49ce-a8a8-e56811595349,COMPLETED,4,2022-03-23T19:14:57.561,2022-03-23T19:45:46.546,2022-03-23T19:45:46.552,,e6203b94-7071-48c5-a34e-c8e8f9dad49c
c3e66112-f1eb-41c7-a68b-2e9f1ab7ff9d,COMPLETED,16,2022-03-23T19:54:33.056,2022-03-23T20:00:36.523,2022-03-23T20:00:36.529,,1c0eef8c-7af8-426d-806f-c236dde5872f
5ed5d0bc-0ee4-4bbe-8439-740e68d2ac13,IN_PROGRESS,1,2022-03-24T21:52:01.295,,2022-03-24T21:52:01.296,,9dd1eccc-41b2-4202-bfd6-6a0ec66c171d
ace77b80-7d05-4dda-9529-f2044f044b43,IN_PROGRESS,1,2022-03-26T18:42:57.191,,2022-03-26T18:42:57.191,,b9588ea9-332d-4505-9984-9fe36d673d80
2e4e9231-8a42-44c6-8a54-6bb4b7d80d98,IN_PROGRESS,1,2022-03-28T15:40:09.257,,2022-03-28T15:40:09.26,,8a5b1e60-b589-4a14-bf40-1182a34c486d
4ebec4ad-240c-49d1-a60e-39bcde464e7d,IN_PROGRESS,1,2022-03-28T15:51:36.647,,2022-03-28T15:51:36.651,,ab95b44c-79f1-47df-b23e-cc0595ed6349
eeee3d8d-024e-4fde-a90b-9a8338eb9004,IN_PROGRESS,1,2022-03-30T03:50:23.527,,2022-03-30T03:50:23.528,,136f15b3-8e7e-4ecd-bac1-105de3d47304
ae6a1af7-acff-4db8-9abe-0e397c82e32f,IN_PROGRESS,1,2022-03-30T04:02:12.003,,2022-03-30T04:02:12.004,,956c27ef-eeb6-4e90-8184-ca0ac7b7324d
4d96f794-a2ba-49b4-9878-ae4f48623485,COMPLETED,16,2022-03-29T16:44:08.069,2022-03-29T16:46:18.325,2022-03-29T16:46:18.328,,0b18a7a3-8d9e-4913-aa84-1e931d89ef97
0a554380-1d25-4558-b547-ad72eda3d03c,COMPLETED,17,2022-03-29T16:57:49,2022-03-29T17:48:34.825,2022-03-29T17:48:34.837,,0b18a7a3-8d9e-4913-aa84-1e931d89ef97
c81d0cc1-eedb-4c25-b4f1-22ee1fa102f6,COMPLETED,18,2022-03-29T17:50:29.248,2022-03-29T17:50:33.258,2022-03-29T17:50:33.262,,0b18a7a3-8d9e-4913-aa84-1e931d89ef97
6f2a929f-37e5-4d2d-860b-d014df2cbd34,COMPLETED,19,2022-03-29T17:54:26.783,2022-03-29T17:54:30.171,2022-03-29T17:54:30.174,,0b18a7a3-8d9e-4913-aa84-1e931d89ef97
ad645b7c-8f83-4970-9e41-652cc57f4ae1,COMPLETED,20,2022-03-29T18:08:25.624,2022-03-29T18:10:29.678,2022-03-29T18:10:29.682,,0b18a7a3-8d9e-4913-aa84-1e931d89ef97
0307d7ed-2c71-4b4b-828b-6696039efa35,COMPLETED,21,2022-03-29T18:10:40.969,2022-03-29T18:11:07.088,2022-03-29T18:11:07.093,,0b18a7a3-8d9e-4913-aa84-1e931d89ef97
821d93e8-51e6-436d-8a21-7f741617a1eb,COMPLETED,22,2022-03-29T18:30:43.92,2022-03-29T18:33:40.66,2022-03-29T18:33:40.664,,0b18a7a3-8d9e-4913-aa84-1e931d89ef97
f7b0ee08-16f1-4c42-b9f2-da4537df4a2a,COMPLETED,23,2022-03-29T18:41:15.46,2022-03-29T18:41:37.316,2022-03-29T18:41:37.319,,0b18a7a3-8d9e-4913-aa84-1e931d89ef97
c7ad9d13-7df4-422b-accf-fc754fbd1493,COMPLETED,24,2022-03-29T18:41:57.071,2022-03-29T18:42:19.095,2022-03-29T18:42:19.1,,0b18a7a3-8d9e-4913-aa84-1e931d89ef97
0254d0df-ac73-478c-8007-9bf21586c5d9,COMPLETED,25,2022-03-29T18:50:34.89,2022-03-29T18:51:38.211,2022-03-29T18:51:38.215,,0b18a7a3-8d9e-4913-aa84-1e931d89ef97
2ca6e168-1956-46b9-9a04-b6c743a2b99b,COMPLETED,26,2022-03-29T20:22:32.747,2022-03-29T20:23:24.095,2022-03-29T20:23:24.102,,0b18a7a3-8d9e-4913-aa84-1e931d89ef97
0b82901c-47dd-4027-8f22-46b4341023b8,COMPLETED,27,2022-03-29T20:24:35.798,2022-03-29T20:24:44.121,2022-03-29T20:24:44.125,,0b18a7a3-8d9e-4913-aa84-1e931d89ef97
f76f7076-97f7-49ac-b5eb-16e2bb763f62,IN_PROGRESS,4,2022-03-30T04:04:35.422,,2022-03-30T04:04:35.431,,12cc76ce-dc8f-45c1-ad49-b7486cb5e330
8d8eb6c1-fac9-426a-aa45-93c74a49f356,COMPLETED,28,2022-03-29T21:00:44.215,2022-03-29T21:01:19.735,2022-03-29T21:01:19.739,,0b18a7a3-8d9e-4913-aa84-1e931d89ef97
a76f1136-9985-43eb-8fc0-83dd30b6e0e5,IN_PROGRESS,1,2022-03-30T02:55:03.441,,2022-03-30T02:55:03.442,,07279c43-967c-4d94-8020-fd77f214ff29
e47158be-4ce4-4642-af66-a417c2d0bec0,IN_PROGRESS,7,2022-03-30T04:04:46.926,,2022-03-30T04:04:46.95,,b1e55b03-8e3a-42f3-813d-a2ccf379e199
b3604500-0dd7-4c56-b6e5-b289fc114750,IN_PROGRESS,1,2022-03-30T15:58:19.699,,2022-03-30T15:58:19.699,,9ba6ed52-6094-4f1c-be9e-24f50b1b0f25
66c04975-411a-49c7-9ffb-4563a48840ca,IN_PROGRESS,1,2022-03-30T16:22:11.467,,2022-03-30T16:22:11.468,,d4e87161-e0b3-4851-8a1b-50e849d07b49
a54c257a-0095-4a36-a196-87fb98995859,IN_PROGRESS,1,2022-03-30T16:26:48.343,,2022-03-30T16:26:48.344,,12adc905-8a4d-4baa-ad85-cd9b7ed02bff
6021e487-960b-4e1b-a98a-21f1860cddeb,IN_PROGRESS,5,2022-03-31T20:00:52.446,,2022-03-31T20:00:52.478,,e6203b94-7071-48c5-a34e-c8e8f9dad49c
12646445-6619-4a80-adc5-c46f1380e352,COMPLETED,17,2022-03-31T20:01:19.56,2022-03-31T20:10:16.476,2022-03-31T20:10:16.483,,1c0eef8c-7af8-426d-806f-c236dde5872f
53fcbea8-7351-464f-b7f6-b975b0cc2ff2,COMPLETED,18,2022-04-01T17:17:40.384,2022-04-01T21:07:15.229,2022-04-01T21:07:15.233,,1c0eef8c-7af8-426d-806f-c236dde5872f
5ac2bac8-0ec0-4ccf-8ea6-af5b280019b2,IN_PROGRESS,1,2022-04-03T23:55:00.465,,2022-04-03T23:55:00.466,,c70cb684-34d8-4278-bd5d-92c0413a4522
1cb67148-c370-420b-b9d8-a0efa181c8eb,IN_PROGRESS,1,2022-04-04T16:01:04.874,,2022-04-04T16:01:04.874,,77a44732-a0e5-4467-9efe-2b9fc4e6d69b
16348872-2c1d-4173-a6ab-8d061dd421e4,IN_PROGRESS,1,2022-04-04T21:11:39.144,,2022-04-04T21:11:39.185,,bec45509-66e1-404b-b0bd-0904fe0172d3
0c6c1411-d1fc-4db6-8111-dae9ad3e2065,IN_PROGRESS,2,2022-04-07T17:24:53.019,,2022-04-07T17:24:53.02,,9ba6ed52-6094-4f1c-be9e-24f50b1b0f25
dcc73879-1b91-404a-b6ec-ab4dbe97efe7,IN_PROGRESS,2,2022-04-07T18:23:16.526,,2022-04-07T18:23:16.726,,763b7b43-529c-4ab1-8839-f85922093a5d
0d63e37c-b2c5-4d67-a3b5-88e23cfad476,IN_PROGRESS,1,2022-04-07T18:49:10.112,,2022-04-07T18:49:10.114,,582565a5-7ec7-4310-b156-1007143cedb6
284794e6-3a57-42ca-b2ad-28fd1398fa10,IN_PROGRESS,1,2022-04-08T21:13:49.994,,2022-04-08T21:13:49.995,,ba260a6e-f1f5-4a8e-bbc9-d068a2e74df5
7d6edb7d-58b4-4a35-9564-79fa3bec6ee8,IN_PROGRESS,1,2022-04-11T18:56:20.806,,2022-04-11T18:56:20.807,,7441ec01-0442-45b2-a991-341d0920e26e
e625b24d-ee0d-42cb-b71b-2ff850ed6b05,IN_PROGRESS,1,2022-04-11T19:17:43.66,,2022-04-11T19:17:43.661,,77a91795-c6b8-4a6d-895a-5276ee42a7ac
ee89c6b7-4cfc-4479-823a-17fea7201e99,IN_PROGRESS,1,2022-04-11T22:29:41.147,,2022-04-11T22:29:41.148,,45d2c9f1-aae2-426b-807e-71f1b193a468
cb96916b-1d9e-40c5-bd45-d1b9381e0cac,IN_PROGRESS,1,2022-04-12T19:48:54.304,,2022-04-12T19:48:54.306,,6784263c-ed3c-4e48-b616-f59f065ec151
de3c9115-c5a6-47e1-817d-1999b0ed9b64,IN_PROGRESS,1,2022-04-13T17:38:36.265,,2022-04-13T17:38:36.265,,ff2ec1c9-6f25-42fe-a3ad-7c7d48540140
a531bc8b-2126-41fa-bc89-13cd5f2c6303,COMPLETED,9,2022-04-13T22:40:29.982,2022-04-13T22:40:37.731,2022-04-13T22:40:37.736,,b409e8f1-765d-45ff-89b1-418008c2a2d6
a6901b95-0a35-4e36-8546-07497144b885,IN_PROGRESS,10,2022-04-13T22:40:52.394,,2022-04-13T22:40:52.395,,b409e8f1-765d-45ff-89b1-418008c2a2d6
0946d1c5-9fc1-46f5-a94b-8edcb179a1b3,IN_PROGRESS,1,2022-04-14T17:44:49.956,,2022-04-14T17:44:49.977,,f685b213-38ac-4ec6-8f68-f3c82b2d67d4
2438e6d2-09fe-43f4-b230-18d4b63d983b,IN_PROGRESS,1,2022-04-18T20:59:36.714,,2022-04-18T20:59:36.715,,4b4d4a06-76a0-4185-b188-1143555a7301
7cc230cd-a425-4022-bfb5-301ccd4a4adc,COMPLETED,1,2022-04-14T17:46:23.412,2022-04-18T21:16:42.585,2022-04-18T21:16:42.589,,a1b44e2d-a4ef-434d-821a-c6ee694dc09f
a7581b33-010a-49a3-84af-d2e8ffd9d4a1,COMPLETED,2,2022-04-18T23:08:34.598,2022-04-18T23:09:06.108,2022-04-18T23:09:06.115,,a1b44e2d-a4ef-434d-821a-c6ee694dc09f
2bbfc4f4-ef96-4b5d-9860-dd176a09ab81,COMPLETED,3,2022-04-18T23:09:51.139,2022-04-18T23:19:30.703,2022-04-18T23:19:30.708,,a1b44e2d-a4ef-434d-821a-c6ee694dc09f
829b980b-4ca2-44ea-95d1-a7d2f71a77ac,COMPLETED,4,2022-04-18T23:21:22.841,2022-04-18T23:22:14.977,2022-04-18T23:22:14.987,,a1b44e2d-a4ef-434d-821a-c6ee694dc09f
2289ac84-3374-462f-b377-0c05bf3d6836,COMPLETED,5,2022-04-18T23:23:43.093,2022-04-18T23:24:02.918,2022-04-18T23:24:02.93,,a1b44e2d-a4ef-434d-821a-c6ee694dc09f
ad7a0f05-035f-4d4e-ab81-241b8ac008dc,IN_PROGRESS,1,2022-04-18T23:24:12.102,,2022-04-18T23:24:12.103,,e23c0086-2c98-4739-b78b-9d1ef625621c
342e21c0-95ca-4104-8ea6-b909f70bbf27,COMPLETED,6,2022-04-19T00:16:18.479,2022-04-19T00:18:00.871,2022-04-19T00:18:00.876,,a1b44e2d-a4ef-434d-821a-c6ee694dc09f
0467b693-def0-4487-8dee-84b2a9c5c30a,IN_PROGRESS,2,2022-04-19T18:07:58.875,,2022-04-19T18:07:58.885,,4b4d4a06-76a0-4185-b188-1143555a7301
a964cceb-2407-4dad-9997-b98d721134b0,IN_PROGRESS,1,2022-04-19T21:17:20.596,,2022-04-19T21:17:20.606,,7049c500-d14c-4112-8636-7e59761a723c
90532675-c46b-4782-b778-7b37a33577a0,IN_PROGRESS,1,2022-04-19T21:52:35.981,,2022-04-19T21:52:35.989,,5a2b75fb-ab76-4345-b899-6b83c45c8fe2
5648a338-c5aa-4697-8929-560fd1afb55c,COMPLETED,1,2022-04-19T13:19:10.742,2022-04-20T14:24:11.932,2022-04-20T14:24:11.936,,2e845d32-7431-484b-8966-316836c5d8b1
97918833-33aa-478d-9e7b-32724f6b9e92,COMPLETED,12,2022-04-29T14:34:20.306,2022-04-29T14:35:29.874,2022-04-29T14:35:29.879,,92079447-4a65-499f-b7e3-09843ad5efea
36779049-64c6-4bf2-b9e6-634261958476,COMPLETED,2,2022-04-20T14:26:34.207,2022-04-20T14:26:57.707,2022-04-20T14:26:57.712,,2e845d32-7431-484b-8966-316836c5d8b1
374c976b-788e-4531-b1bb-ea6166848f95,COMPLETED,3,2022-04-20T14:29:25.767,2022-04-20T14:29:44.751,2022-04-20T14:29:44.756,,2e845d32-7431-484b-8966-316836c5d8b1
c82912c4-17a6-46da-9497-5a5d4b03e198,COMPLETED,4,2022-04-20T15:25:23.792,2022-04-20T15:28:12.406,2022-04-20T15:28:12.41,,2e845d32-7431-484b-8966-316836c5d8b1
bfc182fc-3808-4593-bfcb-cdbb715b9a29,COMPLETED,5,2022-04-20T15:56:17.987,2022-04-20T17:24:38.603,2022-04-20T17:24:38.608,,2e845d32-7431-484b-8966-316836c5d8b1
b871b244-1849-49fb-a773-0c341795b73c,IN_PROGRESS,1,2022-04-20T18:11:59.943,,2022-04-20T18:11:59.944,,23f91f01-9400-46ee-9169-846e75ad564f
1916cb05-7208-4644-b5ac-fc141e5684d3,IN_PROGRESS,1,2022-04-22T13:28:18.389,,2022-04-22T13:28:18.403,,483b7f3c-afbc-450a-9ba7-949f9c263745
9e8b4783-2c7a-4aec-99a8-70d16183b033,IN_PROGRESS,1,2022-04-22T17:49:54.824,,2022-04-22T17:49:54.825,,2f8ce942-618b-40ab-bc61-d15535677de1
cb04b622-49fd-4e6a-a60f-75c62c4d6e32,COMPLETED,1,2022-04-22T13:34:10.783,2022-04-22T18:26:25.115,2022-04-22T18:26:25.119,,f2e618e7-c12a-4799-a43c-89b7365d3eb4
8e730cd3-d1f6-460b-9b9b-a386d0479738,COMPLETED,2,2022-04-22T18:30:27.764,2022-04-22T18:40:34.708,2022-04-22T18:40:34.712,,f2e618e7-c12a-4799-a43c-89b7365d3eb4
9df64e7c-f400-4bca-ad16-9f22ec253505,COMPLETED,3,2022-04-22T19:36:05.207,2022-04-22T19:36:53.529,2022-04-22T19:36:53.532,,f2e618e7-c12a-4799-a43c-89b7365d3eb4
3be33674-3829-4b66-9742-f75e89970ffa,IN_PROGRESS,1,2022-04-25T14:03:15.322,,2022-04-25T14:03:15.323,,31e6ad88-d701-4653-b44d-5aa529d21c4f
ec966644-21fc-4393-8095-3c6444594a92,IN_PROGRESS,1,2022-04-25T14:03:17.849,,2022-04-25T14:03:17.85,,ccbd62ff-daf7-42ec-aa5e-fc2b96ef321f
3a7218f0-8336-4a75-995c-5774d2d52495,IN_PROGRESS,1,2022-04-25T16:19:45.328,,2022-04-25T16:19:45.329,,634c9c27-82e3-49e6-8b4d-b587f47aa5fe
439af6b9-3666-4513-99f1-f0070a8444c4,IN_PROGRESS,1,2022-04-25T17:30:03.772,,2022-04-25T17:30:03.773,,d6fa27c4-cf2b-40f5-af7d-695d93d38955
b21c61ab-4180-43ba-872f-a186f7bf1a18,IN_PROGRESS,2,2022-04-25T17:32:37.067,,2022-04-25T17:32:37.071,,d6fa27c4-cf2b-40f5-af7d-695d93d38955
66f9e4ba-ea61-4303-83b6-b472d0ab2809,IN_PROGRESS,1,2022-04-25T17:46:21.661,,2022-04-25T17:46:21.667,,1d6d386c-6fc0-4175-bfa9-99d5ac3409f7
b37aa93c-aed8-471e-b2fa-eed5de0b4557,IN_PROGRESS,1,2022-04-25T17:52:07.912,,2022-04-25T17:52:07.92,,5104cc9c-770b-4f65-aa87-fe9812c102a4
1199e197-5fb4-4f84-be20-bb7616fe8a6d,IN_PROGRESS,1,2022-04-25T17:58:34.981,,2022-04-25T17:58:34.988,,b11f9277-0deb-4ab4-9d6d-df5cf3c72b65
0bcd6127-bd55-4412-93f6-49ffbfde3374,IN_PROGRESS,1,2022-04-25T18:01:51.401,,2022-04-25T18:01:51.408,,47f6eb1d-78e1-4d53-b8d9-9e0d8a51a2d0
7943b583-f641-4260-b2eb-50f45370c6d5,IN_PROGRESS,1,2022-04-25T18:04:28.011,,2022-04-25T18:04:28.018,,538d3d32-6c18-4441-bd05-7f5a5f0cae95
60061021-4490-43a8-ada7-c7ab4b42848a,COMPLETED,6,2022-04-20T22:41:10.315,2022-04-26T16:55:25.178,2022-04-26T16:55:25.185,,2e845d32-7431-484b-8966-316836c5d8b1
3849ad1c-0b0a-451e-859d-5de1b5a44ee6,IN_PROGRESS,1,2022-04-26T16:59:46.95,,2022-04-26T16:59:46.957,,03e12dab-3c51-4449-96a0-eecd57a4c812
bfaf3b28-3b56-4c6d-9dcf-20d35893d494,COMPLETED,13,2022-04-29T14:36:01.804,2022-04-29T14:37:43.937,2022-04-29T14:37:43.94,,92079447-4a65-499f-b7e3-09843ad5efea
f6459c4c-3e50-4184-b8fb-87c8c094cc63,IN_PROGRESS,2,2022-05-05T15:28:56.617,,2022-05-05T15:28:56.619,,30616c83-38d3-4f76-b2e8-d34f221d031b
00355591-4284-4c2e-85f8-2089d25ae712,IN_PROGRESS,2,2022-05-06T00:03:40.811,,2022-05-06T00:03:40.815,,ec3f8987-af58-4119-aa37-6cc4bb9af38e
ab051e70-0ec2-4aa5-96a2-b63c8fb2cde3,IN_PROGRESS,1,2022-05-06T15:27:13.992,,2022-05-06T15:27:13.993,,2938444c-5b8f-463d-848f-6d3728c08e25
e2b75900-8203-4262-b7b4-fbc3329d9613,IN_PROGRESS,1,2022-05-06T23:31:32.827,,2022-05-06T23:31:32.828,,f5b21dbb-a4cf-4e14-8b36-229824852bf5
5a51a46d-8718-4836-bf7d-c55f1d9ee368,COMPLETED,20,2022-05-03T17:52:01.346,2022-05-07T18:27:53.215,2022-05-07T18:27:53.221,,92079447-4a65-499f-b7e3-09843ad5efea
1e2b613b-99eb-43ee-890d-b3b82b2805c9,COMPLETED,14,2022-04-29T16:14:15.409,2022-04-29T16:30:06.553,2022-04-29T16:30:06.558,,92079447-4a65-499f-b7e3-09843ad5efea
eef5b531-fb6c-420a-b56a-9e819daecdef,COMPLETED,1,2022-04-27T01:06:53.884,2022-04-29T13:04:30.188,2022-04-29T13:04:30.193,,92079447-4a65-499f-b7e3-09843ad5efea
b126af15-b5de-4259-b997-86e317ddbd7a,COMPLETED,2,2022-04-29T13:06:42.183,2022-04-29T13:07:02.921,2022-04-29T13:07:02.931,,92079447-4a65-499f-b7e3-09843ad5efea
7f2ba51e-249f-4465-9975-edcfa42e2084,COMPLETED,3,2022-04-29T13:07:37.958,2022-04-29T13:07:57.565,2022-04-29T13:07:57.569,,92079447-4a65-499f-b7e3-09843ad5efea
f4c889d6-fc19-4607-830f-1238e1570ce4,COMPLETED,4,2022-04-29T13:08:58.346,2022-04-29T13:09:12.068,2022-04-29T13:09:12.075,,92079447-4a65-499f-b7e3-09843ad5efea
b043d812-0e9e-44db-83f9-9d270666f791,COMPLETED,5,2022-04-29T13:09:29.52,2022-04-29T13:09:51.027,2022-04-29T13:09:51.038,,92079447-4a65-499f-b7e3-09843ad5efea
59bdcd0b-43ad-420a-acf3-6d31c9b518b1,COMPLETED,6,2022-04-29T13:31:54.504,2022-04-29T13:32:10.008,2022-04-29T13:32:10.014,,92079447-4a65-499f-b7e3-09843ad5efea
4bb5a121-dd29-4326-adac-e84f7e97490a,COMPLETED,7,2022-04-29T13:33:55.427,2022-04-29T13:34:15.316,2022-04-29T13:34:15.333,,92079447-4a65-499f-b7e3-09843ad5efea
861b3dc2-8816-4085-8a11-79287a9945a5,COMPLETED,8,2022-04-29T14:27:10.583,2022-04-29T14:27:48.715,2022-04-29T14:27:48.722,,92079447-4a65-499f-b7e3-09843ad5efea
43781413-7cc0-441b-a266-9d84c2c9a399,COMPLETED,9,2022-04-29T14:28:08.561,2022-04-29T14:28:27.302,2022-04-29T14:28:27.307,,92079447-4a65-499f-b7e3-09843ad5efea
a7437f68-a7d5-41fe-a089-4b336b3ebdb4,COMPLETED,10,2022-04-29T14:29:26.015,2022-04-29T14:31:28.312,2022-04-29T14:31:28.317,,92079447-4a65-499f-b7e3-09843ad5efea
2f1eb270-9423-41e1-9211-03b59f8def34,COMPLETED,11,2022-04-29T14:32:46.657,2022-04-29T14:33:22.743,2022-04-29T14:33:22.748,,92079447-4a65-499f-b7e3-09843ad5efea
12af3f4b-4a0a-40aa-a174-f115059adaef,COMPLETED,15,2022-04-29T16:35:16.796,2022-04-29T16:36:05.535,2022-04-29T16:36:05.541,,92079447-4a65-499f-b7e3-09843ad5efea
d100838e-29a4-43b5-a4b3-7ffc37cc6ac7,IN_PROGRESS,1,2022-04-29T17:15:54.199,,2022-04-29T17:15:54.2,,81b31d41-13d9-4d27-921e-4dba1abb234b
529fcec6-38a6-45f9-a9ad-f8f6322c4c72,COMPLETED,16,2022-04-29T21:27:43.208,2022-04-29T21:28:56.827,2022-04-29T21:28:56.838,,92079447-4a65-499f-b7e3-09843ad5efea
e687ebb0-60d2-498a-847b-dd8b0266e6c3,COMPLETED,17,2022-04-29T21:52:41.352,2022-04-29T21:52:52.987,2022-04-29T21:52:52.991,,92079447-4a65-499f-b7e3-09843ad5efea
a5be6397-15c3-4027-958a-49f44e9cef17,COMPLETED,18,2022-04-29T21:53:09.07,2022-04-29T21:53:49.379,2022-04-29T21:53:49.384,,92079447-4a65-499f-b7e3-09843ad5efea
be42ecdd-155c-4f49-b90a-15a24900be4d,IN_PROGRESS,1,2022-05-02T17:13:08.032,,2022-05-02T17:13:08.033,,bb33330f-7947-4885-aa87-8f7a48ea4417
4a3573c1-be44-4ad6-8bef-e0c415b5b274,IN_PROGRESS,1,2022-05-02T17:56:52.252,,2022-05-02T17:56:52.253,,699216a6-9b9f-4d96-8dc8-ccce95da8df4
9cd2e749-f856-4219-b5a8-e177e86c5466,IN_PROGRESS,1,2022-05-02T21:44:32.135,,2022-05-02T21:44:32.135,,7163cda9-6dfb-4120-a9c3-3354ba271b7d
e236efbc-a4fd-42fe-ae70-61353c7f10f3,COMPLETED,19,2022-05-03T00:38:49.955,2022-05-03T00:46:12.077,2022-05-03T00:46:12.084,,92079447-4a65-499f-b7e3-09843ad5efea
9ae8f8f5-d2b5-4008-93c5-2e389453f116,COMPLETED,1,2022-05-04T14:34:46.21,2022-05-09T15:36:57.236,2022-05-09T15:36:57.244,,34eaf48c-b3b9-465f-b061-914dcad7dfbe
c642b880-26ac-499c-b828-3be17b98951a,IN_PROGRESS,1,2022-05-03T19:18:38.981,,2022-05-03T19:18:38.982,,5d8c14bb-09ed-421d-9a86-435727394ad9
471367ac-884a-450d-a654-17a7f3fcecd2,IN_PROGRESS,1,2022-05-03T22:02:57.841,,2022-05-03T22:02:57.842,,b8a548a8-9d9e-4b47-aba1-d8e36781069f
cbebd936-7727-4f6e-98f7-7ce57a68b5b0,IN_PROGRESS,1,2022-05-04T00:47:27.233,,2022-05-04T00:47:27.234,,b0f459f5-2924-4933-9de2-1b0bd5b90c44
cbd683f8-d92a-44be-9feb-34d1e41c94a6,IN_PROGRESS,2,2022-05-04T15:45:10.355,,2022-05-04T15:45:10.356,,b8a548a8-9d9e-4b47-aba1-d8e36781069f
c5f2898f-def6-447d-8801-4f1edc14d1f2,COMPLETED,1,2022-04-27T14:00:51.025,2022-05-04T18:31:17.393,2022-05-04T18:31:17.397,,8910c21e-8828-4880-8e04-909afe588867
6b547804-c697-45b7-b3b6-66197688b359,IN_PROGRESS,1,2022-05-04T21:31:33.221,,2022-05-04T21:31:33.221,,ec3f8987-af58-4119-aa37-6cc4bb9af38e
3bfd0785-0277-4052-8b7e-858ab104649d,IN_PROGRESS,1,2022-05-05T14:21:32.19,,2022-05-05T14:21:32.19,,6dd5636b-3789-4f5d-9cd3-175556479e68
9ee7c612-b6cf-4602-9335-93064c955aa9,IN_PROGRESS,1,2022-05-05T15:26:56.326,,2022-05-05T15:26:56.327,,30616c83-38d3-4f76-b2e8-d34f221d031b
3f90b51a-d4b0-4895-a1a1-4dcadfa8fbd9,COMPLETED,2,2022-05-09T15:37:08.615,2022-05-09T15:42:09.725,2022-05-09T15:42:09.759,,34eaf48c-b3b9-465f-b061-914dcad7dfbe
119dd8db-5411-4f79-a831-ecd8293ccd3a,COMPLETED,3,2022-05-09T17:15:17.533,2022-05-09T17:22:28.967,2022-05-09T17:22:28.973,,34eaf48c-b3b9-465f-b061-914dcad7dfbe
5950e2e5-150c-48a3-8268-1ee201d8b112,IN_PROGRESS,1,2022-05-09T18:46:21.935,,2022-05-09T18:46:21.952,,1b4b7b4b-a383-4457-9868-3e67b8519da8
d0b9bb04-928e-494e-8250-bf0e353a12a5,COMPLETED,8,2022-03-10T14:16:46.411,2022-05-09T18:56:19.845,2022-05-09T18:56:19.85,,1f95a0dc-ee5c-4df3-90e8-dc8f85304a42
808dfa86-9450-415c-bbb7-d3e7170cdb56,COMPLETED,4,2022-05-09T17:37:15.549,2022-05-09T19:24:54.63,2022-05-09T19:24:54.641,,34eaf48c-b3b9-465f-b061-914dcad7dfbe
02503e86-285a-4bf9-a749-b621cb34ae04,COMPLETED,9,2022-05-09T19:59:30.525,2022-05-09T20:43:34.702,2022-05-09T20:43:34.706,,1f95a0dc-ee5c-4df3-90e8-dc8f85304a42
4abacc89-2fb0-4ad2-9a87-b3b279b641cb,IN_PROGRESS,1,2022-05-09T21:23:13.423,,2022-05-09T21:23:13.428,,89668117-a181-48db-b2c7-2cffc58431cc
82c52e2f-deb1-4efb-9880-1ffae1d04c43,IN_PROGRESS,1,2022-05-09T21:48:18.774,,2022-05-09T21:48:18.778,,8cb9421e-4e43-4cc8-843a-f55c186a28bc
1a1ed95a-819c-4676-981d-9c9899b53ad4,IN_PROGRESS,1,2022-05-09T21:50:25.611,,2022-05-09T21:50:25.62,,b4436a8e-6d58-4aed-89ee-f76c1b31175c
339ac061-7d6d-45fa-8ac4-40f408768801,COMPLETED,21,2022-05-09T21:56:41.87,2022-05-09T22:02:39.901,2022-05-09T22:02:39.905,,92079447-4a65-499f-b7e3-09843ad5efea
7eb611e3-d132-4469-94ea-5609bc82135a,COMPLETED,22,2022-05-09T22:03:49.256,2022-05-09T22:03:55.279,2022-05-09T22:03:55.307,,92079447-4a65-499f-b7e3-09843ad5efea
fddcadc7-84c3-481f-95d0-2e0be0624f15,COMPLETED,23,2022-05-09T22:04:16.404,2022-05-09T22:04:41.371,2022-05-09T22:04:41.377,,92079447-4a65-499f-b7e3-09843ad5efea
f3c09fe3-6371-4f59-999f-675fff4a2dc1,IN_PROGRESS,1,2022-05-09T22:41:34.618,,2022-05-09T22:41:34.626,,e9817d64-7114-44c0-8706-9c513510073a
0700f973-13fd-4eb5-8fc9-50ea8399a757,IN_PROGRESS,1,2022-05-09T23:04:49.986,,2022-05-09T23:04:49.987,,ddd89e6b-4222-445b-b835-2fdfcf59cb39
52a9992e-9066-4b97-ac69-4abe64ea8a1c,COMPLETED,10,2022-05-10T03:28:01.356,2022-05-10T03:28:10.589,2022-05-10T03:28:10.594,,1f95a0dc-ee5c-4df3-90e8-dc8f85304a42
9d0b572f-1568-4f3d-b453-306d6406f6f6,IN_PROGRESS,1,2022-05-10T15:32:23.421,,2022-05-10T15:32:23.431,,056d7dc1-a41f-405a-bdb5-15e8b6330c70
c7e8ea7a-fb53-4966-922a-e3e4e92c6d32,IN_PROGRESS,1,2022-05-10T15:34:54.737,,2022-05-10T15:34:54.743,,7b270e90-78f1-4038-8d74-1da9ce89a462
7a7c0b08-7cd6-43b1-970b-757da4430d00,COMPLETED,1,2022-05-03T19:01:33.543,2022-06-15T00:19:59.092,2022-06-15T00:19:59.098,,0d94daab-e18b-47cd-843e-7150e885e76a
95c57454-7955-4edc-b250-2bc8946eefa6,COMPLETED,24,2022-05-10T16:29:45.648,2022-05-10T16:30:14.447,2022-05-10T16:30:14.46,,92079447-4a65-499f-b7e3-09843ad5efea
d4bcaabf-7951-46b7-800c-97e45fa9fe79,IN_PROGRESS,1,2022-05-10T19:03:46.716,,2022-05-10T19:03:46.719,,1f47b3b4-52fb-4bc9-a44f-731ee25c35f1
731a2388-0036-406f-91e6-8624b7836b5f,IN_PROGRESS,1,2022-05-10T19:39:51.47,,2022-05-10T19:39:51.471,,e02d6f23-40ca-4050-94a2-53b8a4e3ad4a
5e3d5812-51fc-4d5e-922d-4ea10ba49374,IN_PROGRESS,2,2022-05-10T20:51:29.534,,2022-05-10T20:51:29.538,,1f47b3b4-52fb-4bc9-a44f-731ee25c35f1
721dd7c8-33b2-4f71-8ae3-1fd9ac534e5d,IN_PROGRESS,2,2022-05-10T22:36:15.805,,2022-05-10T22:36:15.806,,e02d6f23-40ca-4050-94a2-53b8a4e3ad4a
7c9281a5-bed1-4a03-b080-376c064abf09,COMPLETED,25,2022-05-11T14:51:52.41,2022-05-11T14:52:00.194,2022-05-11T14:52:00.2,,92079447-4a65-499f-b7e3-09843ad5efea
922297cd-55fa-41d3-a6bb-27820858785e,COMPLETED,8,2022-05-24T01:12:52.078,2022-05-24T01:13:17.708,2022-05-24T01:13:17.713,,5ded8d34-ee92-40b8-bc33-b657597a76b4
82be4a8a-f187-4eef-b64e-bf9d5fddc658,IN_PROGRESS,1,2022-05-11T15:04:53.925,,2022-05-11T15:04:53.926,,d994b482-abe2-4a8f-839f-e01a23dce8d7
2ed5998c-7ed2-4bc4-8e02-715cf72540e6,IN_PROGRESS,1,2022-05-11T15:55:51.574,,2022-05-11T15:55:51.575,,3cbef0c4-05c6-40ca-b2c7-909277819d74
86084cc9-2fd0-4d93-b034-7a759dddc9a8,COMPLETED,26,2022-05-11T19:37:58.677,2022-05-11T19:39:57.582,2022-05-11T19:39:57.589,,92079447-4a65-499f-b7e3-09843ad5efea
677f011e-d973-45e1-a865-f110e121d8c1,IN_PROGRESS,1,2022-05-11T21:36:54.664,,2022-05-11T21:36:54.667,,86555f2a-b401-4108-a125-5e549386ae65
58fbee50-bd00-45a0-b689-04d009dfcca4,COMPLETED,27,2022-05-11T22:21:08.194,2022-05-11T22:21:32.74,2022-05-11T22:21:32.745,,92079447-4a65-499f-b7e3-09843ad5efea
31951e0d-6daa-4980-98f2-add942d81d51,COMPLETED,28,2022-05-12T20:13:56.285,2022-05-12T20:14:06.401,2022-05-12T20:14:06.408,,92079447-4a65-499f-b7e3-09843ad5efea
599f7bbc-a64f-4677-972f-49c351bd011f,IN_PROGRESS,1,2022-05-24T16:12:57.032,,2022-05-24T16:12:57.033,,183611f1-1fbd-4827-b011-7cb93833703b
02ce086e-9b38-4543-9fe6-3e76b9356254,IN_PROGRESS,1,2022-05-12T21:18:35.22,,2022-05-12T21:18:35.221,,a1e534ea-2c8a-4684-9651-c2f090b9d22c
bfcfc7d5-d827-4377-9d69-1dcd204ca7f4,IN_PROGRESS,2,2022-05-12T21:24:03.298,,2022-05-12T21:24:03.299,,a1e534ea-2c8a-4684-9651-c2f090b9d22c
d412335d-4cab-42f5-bb14-1b2b2a323782,IN_PROGRESS,1,2022-05-12T21:40:48.906,,2022-05-12T21:40:48.907,,03748dd2-3d03-49e2-9f75-88b9b4a4abd5
cb1c6a8f-2d1b-4f51-a670-e394d60f0449,IN_PROGRESS,2,2022-05-12T21:41:14.158,,2022-05-12T21:41:14.159,,03748dd2-3d03-49e2-9f75-88b9b4a4abd5
469cccf4-8885-4f48-8746-fed2a10f5efe,IN_PROGRESS,1,2022-05-12T21:46:53.954,,2022-05-12T21:46:53.955,,e8c3d115-3954-4c47-b693-d17ab7fc7119
7bf683d9-f09a-4204-a51b-745047427147,IN_PROGRESS,2,2022-05-12T21:51:48.491,,2022-05-12T21:51:48.493,,d994b482-abe2-4a8f-839f-e01a23dce8d7
3a93728d-f187-49d6-b9e2-a9258f44e380,IN_PROGRESS,1,2022-05-12T22:59:25.882,,2022-05-12T22:59:25.899,,a5a7b6ba-6841-4f58-b69c-085b171b021b
f3a821dd-2fee-4042-8024-2ab38ad81d30,IN_PROGRESS,1,2022-05-13T12:55:37.946,,2022-05-13T12:55:37.949,,cd61806b-7cd2-4853-8136-baf583833314
f17ef49d-fe34-4f2a-ae3d-7e077ea79c2c,IN_PROGRESS,1,2022-05-13T15:18:41.667,,2022-05-13T15:18:41.667,,99d60861-97b0-4378-817f-06c791fc22b6
67be2e20-f0d0-47d9-bb94-32f01c5a70db,IN_PROGRESS,2,2022-05-13T15:23:27.746,,2022-05-13T15:23:27.75,,99d60861-97b0-4378-817f-06c791fc22b6
4c27c62e-c33e-4617-ad58-93735d287713,IN_PROGRESS,1,2022-05-13T15:28:11.503,,2022-05-13T15:28:11.504,,4c238808-ff1c-403c-a67d-16645a1657d4
2625528e-2def-435a-80f9-857618f5310a,IN_PROGRESS,2,2022-05-13T15:28:23.435,,2022-05-13T15:28:23.436,,4c238808-ff1c-403c-a67d-16645a1657d4
1b476bf9-5c60-42a2-93ae-7574bd913ef4,IN_PROGRESS,1,2022-05-13T15:44:52.237,,2022-05-13T15:44:52.238,,5ded8d34-ee92-40b8-bc33-b657597a76b4
33001913-b106-43fe-86f1-cf4f80443304,IN_PROGRESS,1,2022-05-13T16:09:26.354,,2022-05-13T16:09:26.355,,bbe5787e-970e-4de9-aa3e-c316c669cf5b
9b482987-3692-4552-9cae-29a262fc4069,IN_PROGRESS,1,2022-05-13T17:36:57.201,,2022-05-13T17:36:57.204,,722203a2-21ca-456c-af71-7d6d1478c9d3
257acdca-2fb7-45c9-b187-b180000a259f,COMPLETED,5,2022-05-09T19:38:42.717,2022-05-13T18:44:05.332,2022-05-13T18:44:05.335,,34eaf48c-b3b9-465f-b061-914dcad7dfbe
a7eb9146-7fde-4970-ad34-be7dd835ce02,IN_PROGRESS,1,2022-05-13T20:06:51.143,,2022-05-13T20:06:51.144,,78f44190-a083-4505-a21a-b952b2d18e68
5d47199d-3999-40d1-85ed-6728ed16bbf4,IN_PROGRESS,1,2022-05-16T17:26:27.155,,2022-05-16T17:26:27.156,,733698ed-fd97-42e4-b36d-a3d4cd5b5084
e1fb50c8-178e-422d-ad0a-f897f36fbd3b,IN_PROGRESS,1,2022-05-16T20:07:59.557,,2022-05-16T20:07:59.557,,b09236cd-bff9-4dd2-9186-4fef44750bb4
246d2cc3-b99d-4115-85ea-cd9836ab907e,IN_PROGRESS,1,2022-05-16T21:02:32.643,,2022-05-16T21:02:32.644,,9098975f-3653-415e-8bb1-21638795c86a
ef4ac2a5-ff90-47ba-961a-7118270354f6,IN_PROGRESS,2,2022-05-17T18:48:52.477,,2022-05-17T18:48:52.478,,b09236cd-bff9-4dd2-9186-4fef44750bb4
44918aef-06c5-471f-8963-4a04b4793abc,IN_PROGRESS,1,2022-05-17T19:28:43.74,,2022-05-17T19:28:43.765,,996a02b7-d052-4853-b5d8-362e9d8fc9c3
9a0d0d51-c590-4eb9-9e08-9b63433ce154,IN_PROGRESS,1,2022-05-17T23:10:38.218,,2022-05-17T23:10:38.219,,104b41fd-6191-44c6-9aef-b9feabd7856b
9f519eb5-7fda-4421-9dec-8f2fb713382d,IN_PROGRESS,2,2022-05-18T16:29:04.461,,2022-05-18T16:29:04.462,,104b41fd-6191-44c6-9aef-b9feabd7856b
f8603cb1-10fa-4a6d-8312-6accce1c1341,IN_PROGRESS,1,2022-05-18T19:53:02.045,,2022-05-18T19:53:02.046,,83098efc-8a61-4169-96ce-019a6cb3402d
f975bce1-a482-4ccd-ba9a-8a9e3fed5444,IN_PROGRESS,1,2022-05-18T20:00:14.519,,2022-05-18T20:00:14.519,,f2b5e737-d373-4891-8642-e51e91c0e7ff
bb97bacb-d9b9-4b4e-9c75-c10f0c32ae0e,IN_PROGRESS,1,2022-05-18T22:50:03.054,,2022-05-18T22:50:03.056,,55525dff-1ef1-4be1-a261-f687ea210619
c4149ca1-3af8-4306-88e4-75cb1115fb9a,IN_PROGRESS,1,2022-05-18T23:01:35.942,,2022-05-18T23:01:35.943,,20c14852-0dc7-42c7-9a84-49bef9475cd3
f6183afb-1c04-417b-bf60-81ad00158170,IN_PROGRESS,1,2022-05-19T00:16:54.515,,2022-05-19T00:16:54.516,,70f7dde5-cc68-4caf-8a3b-3c44e89dd2a8
9ded27a3-0868-4f68-b03a-b728d0b46412,IN_PROGRESS,1,2022-05-19T00:17:40.297,,2022-05-19T00:17:40.3,,5fc0d420-6cc7-47e2-bcbb-8e4e51be8ea2
1574e4f2-8890-489b-b2ca-0e05d5effd7a,IN_PROGRESS,2,2022-05-19T03:27:37.164,,2022-05-19T03:27:37.188,,e23c0086-2c98-4739-b78b-9d1ef625621c
ddb0b8a3-8384-4224-82dc-56a98caffeb8,IN_PROGRESS,2,2022-05-19T03:29:59.205,,2022-05-19T03:29:59.217,,83098efc-8a61-4169-96ce-019a6cb3402d
cd9f2557-4fc6-404a-8d24-cf2c2a84e574,IN_PROGRESS,1,2022-05-19T19:41:19.056,,2022-05-19T19:41:19.057,,1a9ed898-a466-4d0c-84e9-03dffff00fe1
398e1e44-49ed-4778-8ac1-adc3d29d9de8,IN_PROGRESS,1,2022-05-19T20:34:45.712,,2022-05-19T20:34:45.713,,5c6a56dc-d587-4407-8c75-6ce17edfee46
c73f084c-966d-4e2d-b28d-2dbd68765e2a,IN_PROGRESS,1,2022-05-19T23:33:55.19,,2022-05-19T23:33:55.192,,53c8ae56-d5f6-4578-aa29-1668cc02300e
6656337d-1809-462b-9273-0251629ab490,IN_PROGRESS,2,2022-05-19T23:40:47.693,,2022-05-19T23:40:47.694,,634c9c27-82e3-49e6-8b4d-b587f47aa5fe
2f18a6a3-40c2-41ff-87eb-12c1e63a960a,IN_PROGRESS,1,2022-05-19T23:48:31.569,,2022-05-19T23:48:31.57,,607aa94c-9ac3-4d23-8c34-fde27671eae7
81789be1-92fe-48df-93e5-6cbdd1b782ba,IN_PROGRESS,2,2022-05-19T23:48:48.395,,2022-05-19T23:48:48.396,,607aa94c-9ac3-4d23-8c34-fde27671eae7
c92b5e81-75d5-4824-9076-c403b98d5252,IN_PROGRESS,1,2022-05-20T14:41:49.949,,2022-05-20T14:41:49.95,,ac82b7a0-83ab-4754-a80f-ea3cabebee21
b192b185-ee98-4468-a22a-d025822ddc27,IN_PROGRESS,1,2022-05-20T15:10:15.875,,2022-05-20T15:10:15.886,,4aadf4d1-ea40-43ce-81b3-6cb59036d83f
81d496c1-2a6a-4487-9d62-e409b1eda2d6,IN_PROGRESS,1,2022-05-20T15:17:45.436,,2022-05-20T15:17:45.438,,b1a9ee4a-f27c-4a19-b651-3b382632dc4c
81a8bec3-9152-46fa-803b-2ec5b950cb49,IN_PROGRESS,1,2022-05-20T17:30:02.663,,2022-05-20T17:30:02.689,,48d61eec-65a8-412c-bcb7-4582b4ee5013
c99b9e44-f22f-46da-bae7-b7ad92e8fa6d,IN_PROGRESS,1,2022-05-20T17:31:12.699,,2022-05-20T17:31:12.712,,b71e8a97-0bfd-456f-a44c-d575d17dab14
cd5d0928-7814-4717-b52d-f7d7a7fe3a97,IN_PROGRESS,1,2022-05-20T17:36:20.453,,2022-05-20T17:36:20.467,,0e122357-3419-4f5f-a3bf-8bc8b038f5a5
53f1b8e5-7598-432c-8daa-24dc84c13aae,COMPLETED,2,2022-05-13T18:39:50.499,2022-05-23T00:00:08.599,2022-05-23T00:00:08.602,,5ded8d34-ee92-40b8-bc33-b657597a76b4
7748672e-3fae-482d-914e-72c0cb0a26d2,COMPLETED,3,2022-05-23T00:15:08.354,2022-05-23T00:15:30.736,2022-05-23T00:15:30.741,,5ded8d34-ee92-40b8-bc33-b657597a76b4
5030fad1-4f9d-499a-bae9-9bb5907552e5,COMPLETED,2,2022-05-12T21:47:33.078,2022-05-23T00:17:06.65,2022-05-23T00:17:06.653,,e8c3d115-3954-4c47-b693-d17ab7fc7119
25a18111-40d2-4bc4-8c4b-a7b853ec9b06,COMPLETED,4,2022-05-23T17:49:06.65,2022-05-23T17:49:16.072,2022-05-23T17:49:16.074,,5ded8d34-ee92-40b8-bc33-b657597a76b4
66c00697-0560-4841-8540-306e2fe9cdb9,COMPLETED,5,2022-05-23T18:23:23.936,2022-05-23T20:05:09.191,2022-05-23T20:05:09.194,,5ded8d34-ee92-40b8-bc33-b657597a76b4
88434814-a27e-406f-be89-79b7a0454d49,COMPLETED,6,2022-05-23T20:13:19.648,2022-05-23T20:13:23.492,2022-05-23T20:13:23.495,,5ded8d34-ee92-40b8-bc33-b657597a76b4
0de07a54-2721-458b-8764-077d1038ac73,COMPLETED,3,2022-05-23T20:16:34.491,2022-05-23T20:20:41.146,2022-05-23T20:20:41.153,,e8c3d115-3954-4c47-b693-d17ab7fc7119
a8476216-8b2d-40ce-9878-6afe9871ee4d,COMPLETED,4,2022-05-23T23:54:49.284,2022-05-23T23:56:59.567,2022-05-23T23:56:59.57,,e8c3d115-3954-4c47-b693-d17ab7fc7119
722ae6c4-1d8a-4a82-9048-eb32fc220f15,COMPLETED,7,2022-05-23T23:44:39.132,2022-05-23T23:59:23.278,2022-05-23T23:59:23.281,,5ded8d34-ee92-40b8-bc33-b657597a76b4
45b1c881-f3f3-43a2-b5fd-7e87b50c0a3a,COMPLETED,1,2022-05-18T23:51:56.738,2022-05-24T00:26:04.061,2022-05-24T00:26:04.066,,eddac7a0-4a03-41ca-9bb7-e765287ae189
889e0a61-f477-4dfa-a4c8-ed3b05ec24ac,IN_PROGRESS,1,2022-05-24T17:24:09.24,,2022-05-24T17:24:09.243,,c327d67c-62ba-4034-94ca-b4f660173a25
cb2f2863-ab51-463a-bc6b-af274b7ab402,IN_PROGRESS,2,2022-05-24T18:47:12.749,,2022-05-24T18:47:12.765,,f2b5e737-d373-4891-8642-e51e91c0e7ff
a8b3eabf-1444-417f-b003-c3fa28ebdac7,IN_PROGRESS,1,2022-05-24T20:23:21.871,,2022-05-24T20:23:21.872,,d609ad7b-966c-4a6b-a762-636e912086b1
14e5569b-a4d9-481f-9037-7a33ecb51dec,COMPLETED,5,2022-05-25T16:26:38.484,2022-05-25T16:30:13.949,2022-05-25T16:30:13.953,,e8c3d115-3954-4c47-b693-d17ab7fc7119
eb1b2754-d780-4fca-8dea-243d7a48d54a,COMPLETED,9,2022-05-25T16:27:21.037,2022-05-25T16:30:19.408,2022-05-25T16:30:19.412,,5ded8d34-ee92-40b8-bc33-b657597a76b4
7a1753ff-2b52-43a8-ba9f-deb17a9e5a6e,COMPLETED,10,2022-05-25T16:45:43.248,2022-05-25T16:46:58.473,2022-05-25T16:46:58.48,,5ded8d34-ee92-40b8-bc33-b657597a76b4
fc39f5a1-2462-4c42-9843-e411be16a070,COMPLETED,6,2022-05-25T16:48:45.921,2022-05-25T16:49:38.827,2022-05-25T16:49:38.831,,e8c3d115-3954-4c47-b693-d17ab7fc7119
417319a7-2361-4db0-a924-c931a396e869,IN_PROGRESS,3,2022-05-25T17:33:16.842,,2022-05-25T17:33:16.851,,f2b5e737-d373-4891-8642-e51e91c0e7ff
74cd10c0-3ea5-42d1-b03d-05b6b10387e8,IN_PROGRESS,1,2022-05-25T20:20:38.276,,2022-05-25T20:20:38.278,,5d3306ca-e436-4971-b86b-4bdae3ccf0df
6cf3bbe5-589e-4344-a693-1ee1a0e27122,IN_PROGRESS,1,2022-05-27T00:58:28.299,,2022-05-27T00:58:28.304,,5b9abf78-3b30-4832-8227-2f56257bda07
24450938-c641-498a-a9e3-b34e9f8b1792,IN_PROGRESS,1,2022-05-27T01:00:35.562,,2022-05-27T01:00:35.567,,1597ecf1-1249-4146-b771-e3b10d284360
c268fcc1-ffcb-4b59-90b3-ab2d2341f696,IN_PROGRESS,1,2022-05-27T01:06:26.091,,2022-05-27T01:06:26.096,,e303b212-f64b-4d37-9287-b9f8fe5235df
fd02caf5-e986-435d-953c-a762338be7f4,IN_PROGRESS,1,2022-05-27T01:08:30.081,,2022-05-27T01:08:30.085,,1926e9f6-722b-4b0c-b15d-21168cc9c9fb
92e88855-7285-4a85-99f8-29afa8183d62,IN_PROGRESS,1,2022-05-27T21:50:57.044,,2022-05-27T21:50:57.045,,9274041e-c05b-4d1d-abd6-50cf9fc9f1ad
5c7ee752-1f0a-41d1-8b08-89b7c8526bbd,COMPLETED,6,2022-06-02T16:42:56.659,2022-06-02T16:43:02.76,2022-06-02T16:43:02.765,,34eaf48c-b3b9-465f-b061-914dcad7dfbe
81ee741c-cd54-4d1c-8de6-71b3de7be36c,COMPLETED,7,2022-06-02T17:58:55.409,2022-06-02T18:00:18.573,2022-06-02T18:00:18.575,,34eaf48c-b3b9-465f-b061-914dcad7dfbe
b37797c4-dc75-42de-bbf5-943c5c09fccc,COMPLETED,8,2022-06-02T20:44:22.342,2022-06-02T20:51:00.377,2022-06-02T20:51:00.381,,34eaf48c-b3b9-465f-b061-914dcad7dfbe
859ae3ed-ced8-481a-8196-40c3c2cad240,COMPLETED,9,2022-06-02T23:13:12.065,2022-06-02T23:13:15.031,2022-06-02T23:13:15.034,,34eaf48c-b3b9-465f-b061-914dcad7dfbe
b208c31d-c8b1-4c68-acaa-7d6adc898659,IN_PROGRESS,1,2022-06-03T01:15:49.584,,2022-06-03T01:15:49.585,,52e264bc-98a0-4127-96ab-97de20ba3ff5
63ac6860-bebe-4aad-98b8-98a7d9cfe90d,IN_PROGRESS,1,2022-06-03T01:16:08.726,,2022-06-03T01:16:08.727,,11af6db3-5a6d-44d2-b47f-68373873a506
7736b94b-6bfa-4e62-bbfe-54b74580609c,IN_PROGRESS,1,2022-06-03T01:17:53.894,,2022-06-03T01:17:53.895,,58e1c212-c3ce-4db0-bc6c-c24b76a265e1
3faf63a9-f75b-43e1-9e9b-2e7e76e173cc,IN_PROGRESS,1,2022-06-03T01:19:41.441,,2022-06-03T01:19:41.441,,dabfb37c-042e-48c7-aa33-0cd6e4816701
5cc802a8-2007-4be2-b24a-2ff236759883,IN_PROGRESS,1,2022-06-03T02:15:34.414,,2022-06-03T02:15:34.415,,ac81b7fb-5732-4b21-b815-1d5fc5f9099d
4e08a6d3-7efa-4ccc-b4a5-0b588243fb0c,IN_PROGRESS,1,2022-06-03T02:19:08.866,,2022-06-03T02:19:08.866,,62f5514f-3ee7-4382-aaf1-ee77305b24ad
b3ebd9c0-be2e-4db0-9c6c-8d488f0e78e9,IN_PROGRESS,2,2022-06-03T15:38:09.969,,2022-06-03T15:38:09.97,,9274041e-c05b-4d1d-abd6-50cf9fc9f1ad
7c821130-fda0-4ce0-89c9-5e44026c91cc,IN_PROGRESS,3,2022-06-03T16:11:59.89,,2022-06-03T16:11:59.913,,9274041e-c05b-4d1d-abd6-50cf9fc9f1ad
728f2644-43a1-42bb-9207-5075ab6a26ab,IN_PROGRESS,1,2022-06-03T16:36:26.213,,2022-06-03T16:36:26.213,,4a9e88fb-ecda-4def-9585-59d6ce7d12c5
360b5a5a-7d7d-4815-8c86-fc129fa967ba,IN_PROGRESS,1,2022-06-03T16:40:09.338,,2022-06-03T16:40:09.338,,fc4edc98-68cf-4c75-9867-743c9a1d505e
2b69137c-48a5-4fff-ab45-ae8699f87671,IN_PROGRESS,1,2022-06-03T17:05:28.736,,2022-06-03T17:05:28.737,,4cdf25e0-6a81-458e-9338-f31fa9ed2b0c
8a138047-da76-42dc-8128-57bc2137a79c,IN_PROGRESS,2,2022-06-03T17:09:55.525,,2022-06-03T17:09:55.526,,4cdf25e0-6a81-458e-9338-f31fa9ed2b0c
a75afa05-b2ae-4039-aa85-4e66dc5c71f8,IN_PROGRESS,1,2022-06-03T17:33:00.88,,2022-06-03T17:33:00.881,,4cfccd36-bb92-4028-ba35-d5c0b8330a09
eb19cda6-ddcb-4e4b-a2d7-994d7e6c895f,IN_PROGRESS,1,2022-06-03T17:43:41.274,,2022-06-03T17:43:41.277,,eb00af27-34bd-44eb-9707-11edec4ef1a3
053ce57d-cbe7-498c-8b22-aca63bd4a4e4,IN_PROGRESS,1,2022-06-03T18:01:37.544,,2022-06-03T18:01:37.545,,db899178-9bfc-46b4-adc6-691a0156f57f
4c64033f-b001-4c87-84c7-1bd21a94395c,IN_PROGRESS,2,2022-06-03T18:50:20.411,,2022-06-03T18:50:20.412,,fc4edc98-68cf-4c75-9867-743c9a1d505e
c85d0ed0-9446-4aed-b9a8-592682af2c23,IN_PROGRESS,2,2022-06-03T18:51:18.832,,2022-06-03T18:51:18.833,,62f5514f-3ee7-4382-aaf1-ee77305b24ad
002c45fb-c764-4f8a-9e14-3e51c231e1e4,IN_PROGRESS,3,2022-06-03T18:51:18.924,,2022-06-03T18:51:18.925,,62f5514f-3ee7-4382-aaf1-ee77305b24ad
71d0ad34-fb19-4248-997a-f1dcab1af89b,COMPLETED,1,2022-05-27T00:41:38.386,2022-06-04T02:20:38.571,2022-06-04T02:20:38.575,,6bd25068-c95f-4b14-9ee9-5a93e608cfdc
aa444e0e-364b-4659-a8d0-33557ce13dfd,IN_PROGRESS,1,2022-06-06T15:39:23.924,,2022-06-06T15:39:23.925,,10521273-7f2b-4b0b-bdf4-f273269cd4ee
9931d8d4-79ac-4995-9d81-c390dfa0aa35,IN_PROGRESS,2,2022-06-06T19:48:14.545,,2022-06-06T19:48:14.547,,ac81b7fb-5732-4b21-b815-1d5fc5f9099d
49405cc2-7464-4f49-90b0-0b87a5887159,COMPLETED,10,2022-06-03T17:10:19.457,2022-06-08T15:46:29.743,2022-06-08T15:46:29.75,,34eaf48c-b3b9-465f-b061-914dcad7dfbe
325e159c-4699-478d-93e6-d31360914434,IN_PROGRESS,1,2022-06-09T15:00:52.526,,2022-06-09T15:00:52.527,,18547979-590d-401b-b75c-2e24153b2a41
01b11523-ba24-4321-8a13-5e745953e2ad,IN_PROGRESS,1,2022-06-09T15:39:18.153,,2022-06-09T15:39:18.16,,d20cc436-ed0e-4a91-8c0c-101f42939cb7
94f0060a-ff23-446e-a42d-df9779df2cd6,IN_PROGRESS,1,2022-06-09T21:38:53.568,,2022-06-09T21:38:53.569,,69be204e-f18b-44be-9d42-2d10e897f64f
d96e8f48-1210-4365-a46f-61b30a8830e9,COMPLETED,2,2022-06-07T00:30:54.047,2022-06-10T18:10:41.915,2022-06-10T18:10:41.92,,ac82b7a0-83ab-4754-a80f-ea3cabebee21
d9ff1c0a-c149-44c8-a8bd-2e5570c6e2a9,COMPLETED,3,2022-06-10T18:57:21.242,2022-06-10T18:57:43.939,2022-06-10T18:57:43.943,,ac82b7a0-83ab-4754-a80f-ea3cabebee21
2efd90f7-30b1-4375-a971-6aec4ca41964,COMPLETED,4,2022-06-06T20:05:28.803,2022-06-10T20:06:45.924,2022-06-10T20:06:45.928,,9274041e-c05b-4d1d-abd6-50cf9fc9f1ad
307985cd-9f4c-4cc1-ad68-35fc6201d5ea,COMPLETED,4,2022-06-15T15:37:53.496,2022-06-15T15:40:15.86,2022-06-15T15:40:15.865,,ed0245f0-a17c-4d8b-85c1-8c49486fe624
0cb57369-245b-49ce-bc1c-dd6202131804,COMPLETED,5,2022-06-10T20:07:37.067,2022-06-10T20:07:40.937,2022-06-10T20:07:40.94,,9274041e-c05b-4d1d-abd6-50cf9fc9f1ad
94bbf1f2-8a81-49a9-a329-04de6610d389,COMPLETED,6,2022-06-10T20:33:44.502,2022-06-10T20:54:53.323,2022-06-10T20:54:53.327,,9274041e-c05b-4d1d-abd6-50cf9fc9f1ad
7ac219f4-1779-49c8-adf8-c10e4cb68952,IN_PROGRESS,1,2022-06-10T21:52:01.366,,2022-06-10T21:52:01.422,,3a7e3d37-da0c-4d7e-a6fd-59bb8dcf4b79
a95059e0-dd10-429e-9f6c-f27db6215953,IN_PROGRESS,1,2022-06-10T21:57:05.252,,2022-06-10T21:57:05.313,,5ef4fbbf-9787-4a96-9371-5b44ec021dd8
7d737a0c-be29-406e-bc44-6b1e6432a4d1,IN_PROGRESS,1,2022-06-11T14:04:47.668,,2022-06-11T14:04:47.669,,e8a02845-7a93-4056-b653-178b2a3a2a15
bfd048ac-043a-49cf-9d61-5517574c5ab8,COMPLETED,1,2022-06-03T19:26:04.857,2022-06-13T15:01:13.944,2022-06-13T15:01:13.962,,499a5f08-dc35-46c3-bbb9-07615efab88e
cdef89dd-aad2-42f2-a056-b1c8e98dfdbc,COMPLETED,2,2022-06-13T15:20:47.681,2022-06-13T15:22:54.522,2022-06-13T15:22:54.526,,499a5f08-dc35-46c3-bbb9-07615efab88e
9a85a110-150c-4125-a3e9-b60ccf912764,COMPLETED,3,2022-06-13T15:32:06.676,2022-06-13T15:33:21.869,2022-06-13T15:33:21.874,,499a5f08-dc35-46c3-bbb9-07615efab88e
cbfcd377-d381-4b2b-abc7-4c4bea40e327,COMPLETED,4,2022-06-13T15:40:21.5,2022-06-13T15:40:24.713,2022-06-13T15:40:24.718,,499a5f08-dc35-46c3-bbb9-07615efab88e
ff7a4ec5-b8df-419c-80c7-013bb3335e16,COMPLETED,5,2022-06-13T15:57:22.663,2022-06-13T15:58:17.395,2022-06-13T15:58:17.4,,499a5f08-dc35-46c3-bbb9-07615efab88e
62c520c6-a40f-4ce2-b99d-54fa0087bc59,COMPLETED,6,2022-06-13T16:40:24.474,2022-06-13T16:40:37.166,2022-06-13T16:40:37.172,,499a5f08-dc35-46c3-bbb9-07615efab88e
31129d6b-b3bb-4bce-a8a0-29db6907f745,COMPLETED,7,2022-06-13T17:16:43.67,2022-06-13T17:18:50.532,2022-06-13T17:18:50.536,,499a5f08-dc35-46c3-bbb9-07615efab88e
8db6555d-77cf-4f19-8149-a5f978a71fe5,COMPLETED,8,2022-06-13T17:19:57.782,2022-06-13T17:20:39.068,2022-06-13T17:20:39.074,,499a5f08-dc35-46c3-bbb9-07615efab88e
10da7d4e-e65e-4f4c-8e3f-22ba68137156,IN_PROGRESS,1,2022-06-13T17:26:34.588,,2022-06-13T17:26:34.589,,85aff673-9216-40f8-9ceb-c1c25cf446ac
8d0f5e6b-986f-4ff9-b637-18fd7c01ae5e,IN_PROGRESS,2,2022-06-13T17:34:14.398,,2022-06-13T17:34:14.399,,e8a02845-7a93-4056-b653-178b2a3a2a15
dd63b06d-2ddf-4976-9101-7d8badaf2945,COMPLETED,9,2022-06-13T17:56:26.202,2022-06-13T17:56:35.374,2022-06-13T17:56:35.38,,499a5f08-dc35-46c3-bbb9-07615efab88e
6437b514-22fd-4b1b-8d92-5a9e1cbef0fb,COMPLETED,10,2022-06-13T18:09:29.62,2022-06-13T18:51:22.41,2022-06-13T18:51:22.421,,499a5f08-dc35-46c3-bbb9-07615efab88e
eeba9d06-61e3-486c-b5ad-da2a430a6393,IN_PROGRESS,1,2022-06-13T19:57:41.531,,2022-06-13T19:57:41.532,,6d0f8696-00db-4b09-99e0-2c1d70fda29a
aff04acf-44da-4e07-8bb7-d8c0b19b21da,IN_PROGRESS,1,2022-06-13T20:06:39.512,,2022-06-13T20:06:39.552,,bcbde5e2-adbc-4881-a9a6-7ac45303f675
1b6b2cd8-9f7f-4c4a-b085-7ca85c6bbb7c,COMPLETED,11,2022-06-13T21:50:31.346,2022-06-13T21:50:38.074,2022-06-13T21:50:38.078,,499a5f08-dc35-46c3-bbb9-07615efab88e
c420f056-3ec5-4e03-b3f3-d1cc79c984f8,COMPLETED,12,2022-06-13T22:34:28.276,2022-06-13T22:34:33.853,2022-06-13T22:34:33.858,,499a5f08-dc35-46c3-bbb9-07615efab88e
a35f0d7a-a4dd-4d26-aff6-f62937f8853f,IN_PROGRESS,2,2022-06-14T15:02:09.771,,2022-06-14T15:02:09.772,,18547979-590d-401b-b75c-2e24153b2a41
f707c11f-fdec-4f29-967d-ed2403319f23,IN_PROGRESS,2,2022-06-14T15:54:25.235,,2022-06-14T15:54:25.236,,bbe5787e-970e-4de9-aa3e-c316c669cf5b
4425ba83-6be9-4632-b521-4dc46a76a393,IN_PROGRESS,1,2022-06-14T19:25:34.954,,2022-06-14T19:25:34.955,,40bc4c0e-884b-401d-8c3c-a64898a46509
ba172566-49ef-4c1b-8002-583e7829932b,COMPLETED,1,2022-06-13T21:14:19.976,2022-06-14T21:44:48.167,2022-06-14T21:44:48.182,,ed0245f0-a17c-4d8b-85c1-8c49486fe624
52cb877c-3176-4168-adb1-8b8e627bcf98,COMPLETED,2,2022-06-14T22:45:13.706,2022-06-14T22:47:05.121,2022-06-14T22:47:05.125,,ed0245f0-a17c-4d8b-85c1-8c49486fe624
79db7c13-8713-46cf-846a-efbc51e351e4,IN_PROGRESS,1,2022-06-14T23:25:26.467,,2022-06-14T23:25:26.494,,7a19d985-c3dc-480b-9234-34001967906f
bb52031c-a878-4272-ad50-73b0e0c16905,COMPLETED,2,2022-06-15T00:22:13.222,2022-06-15T00:22:29.421,2022-06-15T00:22:29.427,,0d94daab-e18b-47cd-843e-7150e885e76a
c389ca44-a44d-4809-a1e7-2268d039b059,COMPLETED,3,2022-06-15T00:23:32.25,2022-06-15T00:23:55.803,2022-06-15T00:23:55.806,,0d94daab-e18b-47cd-843e-7150e885e76a
d58005ed-8bf3-4558-8c6b-dea507a77b4f,COMPLETED,4,2022-06-15T00:25:44.787,2022-06-15T00:29:26.671,2022-06-15T00:29:26.675,,0d94daab-e18b-47cd-843e-7150e885e76a
79ad1425-b94e-4844-9df8-e76999fd35cd,COMPLETED,5,2022-06-15T00:31:16.495,2022-06-15T00:31:18.935,2022-06-15T00:31:18.939,,0d94daab-e18b-47cd-843e-7150e885e76a
54ec6792-2aed-4807-a025-50696e84b284,COMPLETED,6,2022-06-15T00:32:07.862,2022-06-15T00:32:14.204,2022-06-15T00:32:14.208,,0d94daab-e18b-47cd-843e-7150e885e76a
7f330b87-6b2a-4d61-8548-23dded6a1d63,COMPLETED,7,2022-06-15T14:46:50.67,2022-06-15T15:03:46.971,2022-06-15T15:03:46.975,,0d94daab-e18b-47cd-843e-7150e885e76a
056fa99e-671e-4deb-8b90-984819be869f,COMPLETED,3,2022-06-15T14:51:06.92,2022-06-15T15:16:10.648,2022-06-15T15:16:10.653,,ed0245f0-a17c-4d8b-85c1-8c49486fe624
f0b07898-ef65-4e87-963e-13d9090e8030,IN_PROGRESS,1,2022-06-15T16:00:09.8,,2022-06-15T16:00:09.801,,c3f9c1ad-4c78-4ebe-be1c-34f82940bcfa
5b374d29-fa48-4fe6-a67b-87fb7e0cca9a,IN_PROGRESS,11,2022-06-15T17:43:56.045,,2022-06-15T17:43:56.081,,34eaf48c-b3b9-465f-b061-914dcad7dfbe
8e605783-6569-4802-bd5d-d6301881263a,IN_PROGRESS,1,2022-06-15T20:50:05.13,,2022-06-15T20:50:05.131,,7e926f23-10a1-4898-b495-f238b91f87ac
1414d7de-dcac-4013-be46-8d7ac2f33d00,IN_PROGRESS,1,2022-06-15T20:51:31.75,,2022-06-15T20:51:31.75,,8752a284-7f01-4d10-8d32-eba6c3acecf7
c8d7990e-c8b7-432b-b3b0-22227ba3bd94,COMPLETED,5,2022-06-15T21:34:15.639,2022-06-15T21:43:46.846,2022-06-15T21:43:46.849,,ed0245f0-a17c-4d8b-85c1-8c49486fe624
a00aae79-4669-4e86-a930-092279d7c737,COMPLETED,1,2022-06-16T00:11:09.129,2022-06-16T03:17:40.073,2022-06-16T03:17:40.077,,4c782f83-527c-47af-8262-4f516d7bc06d